"Label (Grouping)","Louisiana!!Estimate","Louisiana!!Margin of Error","Louisiana!!Percent","Louisiana!!Percent Margin of Error","Acadia Parish, Louisiana!!Estimate","Acadia Parish, Louisiana!!Margin of Error","Acadia Parish, Louisiana!!Percent","Acadia Parish, Louisiana!!Percent Margin of Error","Allen Parish, Louisiana!!Estimate","Allen Parish, Louisiana!!Margin of Error","Allen Parish, Louisiana!!Percent","Allen Parish, Louisiana!!Percent Margin of Error","Ascension Parish, Louisiana!!Estimate","Ascension Parish, Louisiana!!Margin of Error","Ascension Parish, Louisiana!!Percent","Ascension Parish, Louisiana!!Percent Margin of Error","Assumption Parish, Louisiana!!Estimate","Assumption Parish, Louisiana!!Margin of Error","Assumption Parish, Louisiana!!Percent","Assumption Parish, Louisiana!!Percent Margin of Error","Avoyelles Parish, Louisiana!!Estimate","Avoyelles Parish, Louisiana!!Margin of Error","Avoyelles Parish, Louisiana!!Percent","Avoyelles Parish, Louisiana!!Percent Margin of Error","Beauregard Parish, Louisiana!!Estimate","Beauregard Parish, Louisiana!!Margin of Error","Beauregard Parish, Louisiana!!Percent","Beauregard Parish, Louisiana!!Percent Margin of Error","Bienville Parish, Louisiana!!Estimate","Bienville Parish, Louisiana!!Margin of Error","Bienville Parish, Louisiana!!Percent","Bienville Parish, Louisiana!!Percent Margin of Error","Bossier Parish, Louisiana!!Estimate","Bossier Parish, Louisiana!!Margin of Error","Bossier Parish, Louisiana!!Percent","Bossier Parish, Louisiana!!Percent Margin of Error","Caddo Parish, Louisiana!!Estimate","Caddo Parish, Louisiana!!Margin of Error","Caddo Parish, Louisiana!!Percent","Caddo Parish, Louisiana!!Percent Margin of Error","Calcasieu Parish, Louisiana!!Estimate","Calcasieu Parish, Louisiana!!Margin of Error","Calcasieu Parish, Louisiana!!Percent","Calcasieu Parish, Louisiana!!Percent Margin of Error","Caldwell Parish, Louisiana!!Estimate","Caldwell Parish, Louisiana!!Margin of Error","Caldwell Parish, Louisiana!!Percent","Caldwell Parish, Louisiana!!Percent Margin of Error","Cameron Parish, Louisiana!!Estimate","Cameron Parish, Louisiana!!Margin of Error","Cameron Parish, Louisiana!!Percent","Cameron Parish, Louisiana!!Percent Margin of Error","Catahoula Parish, Louisiana!!Estimate","Catahoula Parish, Louisiana!!Margin of Error","Catahoula Parish, Louisiana!!Percent","Catahoula Parish, Louisiana!!Percent Margin of Error","Claiborne Parish, Louisiana!!Estimate","Claiborne Parish, Louisiana!!Margin of Error","Claiborne Parish, Louisiana!!Percent","Claiborne Parish, Louisiana!!Percent Margin of Error","Concordia Parish, Louisiana!!Estimate","Concordia Parish, Louisiana!!Margin of Error","Concordia Parish, Louisiana!!Percent","Concordia Parish, Louisiana!!Percent Margin of Error","De Soto Parish, Louisiana!!Estimate","De Soto Parish, Louisiana!!Margin of Error","De Soto Parish, Louisiana!!Percent","De Soto Parish, Louisiana!!Percent Margin of Error","East Baton Rouge Parish, Louisiana!!Estimate","East Baton Rouge Parish, Louisiana!!Margin of Error","East Baton Rouge Parish, Louisiana!!Percent","East Baton Rouge Parish, Louisiana!!Percent Margin of Error","East Carroll Parish, Louisiana!!Estimate","East Carroll Parish, Louisiana!!Margin of Error","East Carroll Parish, Louisiana!!Percent","East Carroll Parish, Louisiana!!Percent Margin of Error","East Feliciana Parish, Louisiana!!Estimate","East Feliciana Parish, Louisiana!!Margin of Error","East Feliciana Parish, Louisiana!!Percent","East Feliciana Parish, Louisiana!!Percent Margin of Error","Evangeline Parish, Louisiana!!Estimate","Evangeline Parish, Louisiana!!Margin of Error","Evangeline Parish, Louisiana!!Percent","Evangeline Parish, Louisiana!!Percent Margin of Error","Franklin Parish, Louisiana!!Estimate","Franklin Parish, Louisiana!!Margin of Error","Franklin Parish, Louisiana!!Percent","Franklin Parish, Louisiana!!Percent Margin of Error","Grant Parish, Louisiana!!Estimate","Grant Parish, Louisiana!!Margin of Error","Grant Parish, Louisiana!!Percent","Grant Parish, Louisiana!!Percent Margin of Error","Iberia Parish, Louisiana!!Estimate","Iberia Parish, Louisiana!!Margin of Error","Iberia Parish, Louisiana!!Percent","Iberia Parish, Louisiana!!Percent Margin of Error","Iberville Parish, Louisiana!!Estimate","Iberville Parish, Louisiana!!Margin of Error","Iberville Parish, Louisiana!!Percent","Iberville Parish, Louisiana!!Percent Margin of Error","Jackson Parish, Louisiana!!Estimate","Jackson Parish, Louisiana!!Margin of Error","Jackson Parish, Louisiana!!Percent","Jackson Parish, Louisiana!!Percent Margin of Error","Jefferson Parish, Louisiana!!Estimate","Jefferson Parish, Louisiana!!Margin of Error","Jefferson Parish, Louisiana!!Percent","Jefferson Parish, Louisiana!!Percent Margin of Error","Jefferson Davis Parish, Louisiana!!Estimate","Jefferson Davis Parish, Louisiana!!Margin of Error","Jefferson Davis Parish, Louisiana!!Percent","Jefferson Davis Parish, Louisiana!!Percent Margin of Error","Lafayette Parish, Louisiana!!Estimate","Lafayette Parish, Louisiana!!Margin of Error","Lafayette Parish, Louisiana!!Percent","Lafayette Parish, Louisiana!!Percent Margin of Error","Lafourche Parish, Louisiana!!Estimate","Lafourche Parish, Louisiana!!Margin of Error","Lafourche Parish, Louisiana!!Percent","Lafourche Parish, Louisiana!!Percent Margin of Error","LaSalle Parish, Louisiana!!Estimate","LaSalle Parish, Louisiana!!Margin of Error","LaSalle Parish, Louisiana!!Percent","LaSalle Parish, Louisiana!!Percent Margin of Error","Lincoln Parish, Louisiana!!Estimate","Lincoln Parish, Louisiana!!Margin of Error","Lincoln Parish, Louisiana!!Percent","Lincoln Parish, Louisiana!!Percent Margin of Error","Livingston Parish, Louisiana!!Estimate","Livingston Parish, Louisiana!!Margin of Error","Livingston Parish, Louisiana!!Percent","Livingston Parish, Louisiana!!Percent Margin of Error","Madison Parish, Louisiana!!Estimate","Madison Parish, Louisiana!!Margin of Error","Madison Parish, Louisiana!!Percent","Madison Parish, Louisiana!!Percent Margin of Error","Morehouse Parish, Louisiana!!Estimate","Morehouse Parish, Louisiana!!Margin of Error","Morehouse Parish, Louisiana!!Percent","Morehouse Parish, Louisiana!!Percent Margin of Error","Natchitoches Parish, Louisiana!!Estimate","Natchitoches Parish, Louisiana!!Margin of Error","Natchitoches Parish, Louisiana!!Percent","Natchitoches Parish, Louisiana!!Percent Margin of Error","Orleans Parish, Louisiana!!Estimate","Orleans Parish, Louisiana!!Margin of Error","Orleans Parish, Louisiana!!Percent","Orleans Parish, Louisiana!!Percent Margin of Error","Ouachita Parish, Louisiana!!Estimate","Ouachita Parish, Louisiana!!Margin of Error","Ouachita Parish, Louisiana!!Percent","Ouachita Parish, Louisiana!!Percent Margin of Error","Plaquemines Parish, Louisiana!!Estimate","Plaquemines Parish, Louisiana!!Margin of Error","Plaquemines Parish, Louisiana!!Percent","Plaquemines Parish, Louisiana!!Percent Margin of Error","Pointe Coupee Parish, Louisiana!!Estimate","Pointe Coupee Parish, Louisiana!!Margin of Error","Pointe Coupee Parish, Louisiana!!Percent","Pointe Coupee Parish, Louisiana!!Percent Margin of Error","Rapides Parish, Louisiana!!Estimate","Rapides Parish, Louisiana!!Margin of Error","Rapides Parish, Louisiana!!Percent","Rapides Parish, Louisiana!!Percent Margin of Error","Red River Parish, Louisiana!!Estimate","Red River Parish, Louisiana!!Margin of Error","Red River Parish, Louisiana!!Percent","Red River Parish, Louisiana!!Percent Margin of Error","Richland Parish, Louisiana!!Estimate","Richland Parish, Louisiana!!Margin of Error","Richland Parish, Louisiana!!Percent","Richland Parish, Louisiana!!Percent Margin of Error","Sabine Parish, Louisiana!!Estimate","Sabine Parish, Louisiana!!Margin of Error","Sabine Parish, Louisiana!!Percent","Sabine Parish, Louisiana!!Percent Margin of Error","St. Bernard Parish, Louisiana!!Estimate","St. Bernard Parish, Louisiana!!Margin of Error","St. Bernard Parish, Louisiana!!Percent","St. Bernard Parish, Louisiana!!Percent Margin of Error","St. Charles Parish, Louisiana!!Estimate","St. Charles Parish, Louisiana!!Margin of Error","St. Charles Parish, Louisiana!!Percent","St. Charles Parish, Louisiana!!Percent Margin of Error","St. Helena Parish, Louisiana!!Estimate","St. Helena Parish, Louisiana!!Margin of Error","St. Helena Parish, Louisiana!!Percent","St. Helena Parish, Louisiana!!Percent Margin of Error","St. James Parish, Louisiana!!Estimate","St. James Parish, Louisiana!!Margin of Error","St. James Parish, Louisiana!!Percent","St. James Parish, Louisiana!!Percent Margin of Error","St. John the Baptist Parish, Louisiana!!Estimate","St. John the Baptist Parish, Louisiana!!Margin of Error","St. John the Baptist Parish, Louisiana!!Percent","St. John the Baptist Parish, Louisiana!!Percent Margin of Error","St. Landry Parish, Louisiana!!Estimate","St. Landry Parish, Louisiana!!Margin of Error","St. Landry Parish, Louisiana!!Percent","St. Landry Parish, Louisiana!!Percent Margin of Error","St. Martin Parish, Louisiana!!Estimate","St. Martin Parish, Louisiana!!Margin of Error","St. Martin Parish, Louisiana!!Percent","St. Martin Parish, Louisiana!!Percent Margin of Error","St. Mary Parish, Louisiana!!Estimate","St. Mary Parish, Louisiana!!Margin of Error","St. Mary Parish, Louisiana!!Percent","St. Mary Parish, Louisiana!!Percent Margin of Error","St. Tammany Parish, Louisiana!!Estimate","St. Tammany Parish, Louisiana!!Margin of Error","St. Tammany Parish, Louisiana!!Percent","St. Tammany Parish, Louisiana!!Percent Margin of Error","Tangipahoa Parish, Louisiana!!Estimate","Tangipahoa Parish, Louisiana!!Margin of Error","Tangipahoa Parish, Louisiana!!Percent","Tangipahoa Parish, Louisiana!!Percent Margin of Error","Tensas Parish, Louisiana!!Estimate","Tensas Parish, Louisiana!!Margin of Error","Tensas Parish, Louisiana!!Percent","Tensas Parish, Louisiana!!Percent Margin of Error","Terrebonne Parish, Louisiana!!Estimate","Terrebonne Parish, Louisiana!!Margin of Error","Terrebonne Parish, Louisiana!!Percent","Terrebonne Parish, Louisiana!!Percent Margin of Error","Union Parish, Louisiana!!Estimate","Union Parish, Louisiana!!Margin of Error","Union Parish, Louisiana!!Percent","Union Parish, Louisiana!!Percent Margin of Error","Vermilion Parish, Louisiana!!Estimate","Vermilion Parish, Louisiana!!Margin of Error","Vermilion Parish, Louisiana!!Percent","Vermilion Parish, Louisiana!!Percent Margin of Error","Vernon Parish, Louisiana!!Estimate","Vernon Parish, Louisiana!!Margin of Error","Vernon Parish, Louisiana!!Percent","Vernon Parish, Louisiana!!Percent Margin of Error","Washington Parish, Louisiana!!Estimate","Washington Parish, Louisiana!!Margin of Error","Washington Parish, Louisiana!!Percent","Washington Parish, Louisiana!!Percent Margin of Error","Webster Parish, Louisiana!!Estimate","Webster Parish, Louisiana!!Margin of Error","Webster Parish, Louisiana!!Percent","Webster Parish, Louisiana!!Percent Margin of Error","West Baton Rouge Parish, Louisiana!!Estimate","West Baton Rouge Parish, Louisiana!!Margin of Error","West Baton Rouge Parish, Louisiana!!Percent","West Baton Rouge Parish, Louisiana!!Percent Margin of Error","West Carroll Parish, Louisiana!!Estimate","West Carroll Parish, Louisiana!!Margin of Error","West Carroll Parish, Louisiana!!Percent","West Carroll Parish, Louisiana!!Percent Margin of Error","West Feliciana Parish, Louisiana!!Estimate","West Feliciana Parish, Louisiana!!Margin of Error","West Feliciana Parish, Louisiana!!Percent","West Feliciana Parish, Louisiana!!Percent Margin of Error","Winn Parish, Louisiana!!Estimate","Winn Parish, Louisiana!!Margin of Error","Winn Parish, Louisiana!!Percent","Winn Parish, Louisiana!!Percent Margin of Error"
"EMPLOYMENT STATUS","","","","","","","","","","","","","","","","","","","","","","","","","","","","","","","","","","","","","","","","","","","","","","","","","","","","","","","","","","","","","","","","","","","","","","","","","","","","","","","","","","","","","","","","","","","","","","","","","","","","","","","","","","","","","","","","","","","","","","","","","","","","","","","","","","","","","","","","","","","","","","","","","","","","","","","","","","","","","","","","","","","","","","","","","","","","","","","","","","","","","","","","","","","","","","","","","","","","","","","","","","","","","","","","","","","","","","","","","","","","","","","","","","","","","","","","","","","","","","","","","","","","","","","","","","","","","","","","","","","",""
"    Population 16 years and over","3,652,089","±1,902","3,652,089","(X)","44,040","±225","44,040","(X)","18,040","±54","18,040","(X)","99,607","±517","99,607","(X)","16,925","±130","16,925","(X)","30,626","±172","30,626","(X)","28,436","±164","28,436","(X)","10,159","±66","10,159","(X)","100,976","±318","100,976","(X)","182,649","±477","182,649","(X)","160,881","±452","160,881","(X)","7,633","±86","7,633","(X)","3,924","±102","3,924","(X)","6,913","±32","6,913","(X)","11,520","±104","11,520","(X)","14,422","±86","14,422","(X)","21,529","±82","21,529","(X)","362,087","±545","362,087","(X)","5,953","±132","5,953","(X)","16,289","±81","16,289","(X)","24,935","±273","24,935","(X)","14,993","±110","14,993","(X)","18,013","±102","18,013","(X)","52,657","±300","52,657","(X)","24,625","±224","24,625","(X)","12,157","±109","12,157","(X)","344,867","±616","344,867","(X)","24,742","±175","24,742","(X)","194,238","±513","194,238","(X)","76,941","±237","76,941","(X)","11,691","±342","11,691","(X)","39,691","±217","39,691","(X)","114,591","±385","114,591","(X)","7,214","±89","7,214","(X)","19,593","±79","19,593","(X)","29,305","±91","29,305","(X)","306,521","±485","306,521","(X)","123,781","±339","123,781","(X)","17,931","±98","17,931","(X)","16,244","±90","16,244","(X)","99,316","±274","99,316","(X)","5,970","±100","5,970","(X)","15,629","±116","15,629","(X)","17,522","±84","17,522","(X)","34,300","±151","34,300","(X)","40,408","±190","40,408","(X)","8,823","±43","8,823","(X)","15,753","±138","15,753","(X)","32,426","±224","32,426","(X)","62,346","±277","62,346","(X)","40,549","±146","40,549","(X)","37,386","±156","37,386","(X)","215,864","±537","215,864","(X)","107,130","±331","107,130","(X)","3,158","±38","3,158","(X)","82,744","±339","82,744","(X)","16,816","±113","16,816","(X)","44,343","±226","44,343","(X)","36,362","±106","36,362","(X)","35,705","±222","35,705","(X)","28,753","±107","28,753","(X)","21,764","±190","21,764","(X)","7,622","±102","7,622","(X)","13,123","±131","13,123","(X)","10,938","±155","10,938","(X)"
"        In labor force","2,166,635","±8,084","59.3%","±0.2","24,292","±959","55.2%","±2.1","8,557","±461","47.4%","±2.6","68,239","±1,220","68.5%","±1.3","9,290","±497","54.9%","±3.0","15,212","±573","49.7%","±1.9","15,912","±547","56.0%","±1.9","4,754","±286","46.8%","±2.8","62,566","±1,299","62.0%","±1.3","103,915","±1,997","56.9%","±1.1","98,077","±1,969","61.0%","±1.2","3,761","±304","49.3%","±4.1","2,235","±183","57.0%","±4.6","3,089","±224","44.7%","±3.2","4,185","±366","36.3%","±3.3","6,703","±442","46.5%","±3.0","11,318","±561","52.6%","±2.6","228,090","±2,970","63.0%","±0.8","2,352","±255","39.5%","±4.3","7,282","±400","44.7%","±2.5","12,968","±555","52.0%","±2.1","7,595","±387","50.7%","±2.5","8,504","±478","47.2%","±2.7","30,091","±821","57.1%","±1.6","12,658","±655","51.4%","±2.6","5,655","±391","46.5%","±3.1","218,731","±2,124","63.4%","±0.6","13,619","±690","55.0%","±2.8","127,037","±1,869","65.4%","±1.0","43,715","±992","56.8%","±1.3","6,445","±446","55.1%","±3.2","20,273","±855","51.1%","±2.2","71,123","±1,411","62.1%","±1.2","3,183","±281","44.1%","±3.8","10,119","±442","51.6%","±2.2","15,579","±478","53.2%","±1.6","185,934","±2,147","60.7%","±0.7","74,111","±1,305","59.9%","±1.1","11,462","±477","63.9%","±2.6","9,131","±364","56.2%","±2.3","58,082","±1,221","58.5%","±1.2","2,910","±269","48.7%","±4.6","8,051","±416","51.5%","±2.7","8,323","±388","47.5%","±2.2","20,445","±844","59.6%","±2.5","25,949","±881","64.2%","±2.1","4,583","±357","51.9%","±4.0","8,988","±390","57.1%","±2.5","19,461","±758","60.0%","±2.4","32,898","±1,158","52.8%","±1.9","23,565","±622","58.1%","±1.5","20,274","±719","54.2%","±2.0","135,759","±1,914","62.9%","±0.9","63,523","±1,611","59.3%","±1.5","1,119","±145","35.4%","±4.5","48,734","±1,320","58.9%","±1.6","8,288","±472","49.3%","±2.8","25,309","±874","57.1%","±2.0","21,902","±497","60.2%","±1.4","17,793","±803","49.8%","±2.3","14,178","±677","49.3%","±2.4","13,924","±535","64.0%","±2.5","3,940","±246","51.7%","±3.2","5,753","±361","43.8%","±2.8","5,122","±388","46.8%","±3.5"
"            Civilian labor force","2,148,164","±8,040","58.8%","±0.2","24,292","±959","55.2%","±2.1","8,550","±461","47.4%","±2.6","68,032","±1,249","68.3%","±1.3","9,261","±491","54.7%","±3.0","15,133","±568","49.4%","±1.9","15,583","±554","54.8%","±1.9","4,723","±284","46.5%","±2.8","58,324","±1,325","57.8%","±1.3","103,379","±2,005","56.6%","±1.1","97,881","±1,968","60.8%","±1.2","3,756","±303","49.2%","±4.0","2,235","±183","57.0%","±4.6","3,084","±223","44.6%","±3.2","4,166","±364","36.2%","±3.3","6,703","±442","46.5%","±3.0","11,298","±559","52.5%","±2.6","227,785","±3,008","62.9%","±0.8","2,352","±255","39.5%","±4.3","7,246","±385","44.5%","±2.4","12,953","±558","51.9%","±2.1","7,595","±387","50.7%","±2.5","8,450","±468","46.9%","±2.6","30,073","±817","57.1%","±1.6","12,552","±654","51.0%","±2.6","5,640","±396","46.4%","±3.2","217,475","±2,078","63.1%","±0.6","13,619","±690","55.0%","±2.8","126,631","±1,899","65.2%","±1.0","43,681","±990","56.8%","±1.3","6,440","±448","55.1%","±3.2","20,273","±855","51.1%","±2.2","70,851","±1,406","61.8%","±1.2","3,182","±281","44.1%","±3.8","10,119","±442","51.6%","±2.2","15,558","±477","53.1%","±1.6","184,482","±2,194","60.2%","±0.7","74,090","±1,303","59.9%","±1.1","10,738","±464","59.9%","±2.6","9,107","±368","56.1%","±2.3","57,505","±1,245","57.9%","±1.2","2,910","±269","48.7%","±4.6","8,040","±414","51.4%","±2.7","8,302","±388","47.4%","±2.2","20,413","±840","59.5%","±2.5","25,914","±882","64.1%","±2.1","4,583","±357","51.9%","±4.0","8,988","±390","57.1%","±2.5","19,443","±760","60.0%","±2.4","32,799","±1,141","52.6%","±1.8","23,364","±612","57.6%","±1.5","20,221","±705","54.1%","±1.9","134,304","±1,941","62.2%","±0.9","63,459","±1,600","59.2%","±1.5","1,119","±145","35.4%","±4.5","48,614","±1,315","58.8%","±1.6","8,254","±480","49.1%","±2.9","25,187","±880","56.8%","±2.0","16,822","±527","46.3%","±1.5","17,762","±807","49.7%","±2.3","14,139","±676","49.2%","±2.4","13,915","±539","63.9%","±2.6","3,940","±246","51.7%","±3.2","5,753","±361","43.8%","±2.8","5,122","±388","46.8%","±3.5"
"                Employed","2,013,003","±8,340","55.1%","±0.2","22,417","±897","50.9%","±2.0","7,713","±582","42.8%","±3.2","65,022","±1,513","65.3%","±1.6","8,819","±484","52.1%","±2.9","14,085","±555","46.0%","±1.8","14,520","±578","51.1%","±2.0","4,427","±298","43.6%","±3.0","54,870","±1,365","54.3%","±1.3","94,372","±1,971","51.7%","±1.1","92,561","±2,113","57.5%","±1.3","3,378","±333","44.3%","±4.4","2,189","±181","55.8%","±4.5","2,809","±214","40.6%","±3.1","3,953","±346","34.3%","±3.1","5,919","±456","41.0%","±3.2","10,622","±526","49.3%","±2.4","210,299","±2,954","58.1%","±0.8","2,025","±295","34.0%","±5.0","6,820","±437","41.9%","±2.7","11,682","±593","46.8%","±2.3","6,976","±359","46.5%","±2.4","8,137","±485","45.2%","±2.7","27,890","±859","53.0%","±1.7","11,783","±679","47.8%","±2.7","5,222","±395","43.0%","±3.2","204,080","±2,171","59.2%","±0.6","12,977","±699","52.4%","±2.8","120,162","±2,118","61.9%","±1.1","41,868","±907","54.4%","±1.2","6,126","±463","52.4%","±3.5","19,506","±885","49.1%","±2.3","67,883","±1,450","59.2%","±1.2","3,008","±268","41.7%","±3.6","9,166","±550","46.8%","±2.8","14,685","±463","50.1%","±1.6","170,586","±2,412","55.7%","±0.8","69,274","±1,438","56.0%","±1.2","10,285","±497","57.4%","±2.7","8,471","±384","52.1%","±2.4","54,545","±1,279","54.9%","±1.3","2,804","±269","47.0%","±4.6","7,325","±442","46.9%","±2.8","7,755","±372","44.3%","±2.1","18,868","±820","55.0%","±2.4","24,165","±940","59.8%","±2.3","3,777","±442","42.8%","±4.9","8,618","±402","54.7%","±2.6","17,332","±815","53.5%","±2.5","30,720","±1,034","49.3%","±1.7","22,429","±609","55.3%","±1.5","19,135","±846","51.2%","±2.3","127,907","±1,847","59.3%","±0.9","59,676","±1,666","55.7%","±1.6","991","±146","31.4%","±4.6","46,338","±1,375","56.0%","±1.6","7,835","±510","46.6%","±3.0","23,884","±838","53.9%","±1.9","15,866","±503","43.6%","±1.4","16,006","±811","44.8%","±2.3","13,411","±649","46.6%","±2.3","12,942","±623","59.5%","±3.0","3,714","±264","48.7%","±3.4","5,515","±408","42.0%","±3.2","4,858","±411","44.4%","±3.7"
"                Unemployed","135,161","±3,705","3.7%","±0.1","1,875","±409","4.3%","±0.9","837","±305","4.6%","±1.7","3,010","±670","3.0%","±0.7","442","±160","2.6%","±0.9","1,048","±221","3.4%","±0.7","1,063","±287","3.7%","±1.0","296","±105","2.9%","±1.0","3,454","±646","3.4%","±0.6","9,007","±836","4.9%","±0.5","5,320","±779","3.3%","±0.5","378","±135","5.0%","±1.8","46","±36","1.2%","±0.9","275","±110","4.0%","±1.6","213","±113","1.8%","±1.0","784","±241","5.4%","±1.7","676","±189","3.1%","±0.9","17,486","±1,553","4.8%","±0.4","327","±184","5.5%","±3.1","426","±195","2.6%","±1.2","1,271","±309","5.1%","±1.2","619","±169","4.1%","±1.1","313","±122","1.7%","±0.7","2,183","±412","4.1%","±0.8","769","±263","3.1%","±1.1","418","±184","3.4%","±1.5","13,395","±1,122","3.9%","±0.3","642","±169","2.6%","±0.7","6,469","±920","3.3%","±0.5","1,813","±423","2.4%","±0.5","314","±153","2.7%","±1.3","767","±371","1.9%","±0.9","2,968","±638","2.6%","±0.6","174","±86","2.4%","±1.2","953","±303","4.9%","±1.5","873","±206","3.0%","±0.7","13,896","±1,123","4.5%","±0.4","4,816","±623","3.9%","±0.5","453","±192","2.5%","±1.1","636","±214","3.9%","±1.3","2,960","±485","3.0%","±0.5","106","±53","1.8%","±0.9","715","±211","4.6%","±1.4","547","±146","3.1%","±0.8","1,545","±384","4.5%","±1.1","1,749","±462","4.3%","±1.1","806","±321","9.1%","±3.6","370","±154","2.3%","±1.0","2,111","±551","6.5%","±1.7","2,079","±414","3.3%","±0.7","935","±264","2.3%","±0.7","1,086","±357","2.9%","±1.0","6,397","±896","3.0%","±0.4","3,783","±613","3.5%","±0.6","128","±62","4.1%","±2.0","2,276","±431","2.8%","±0.5","419","±150","2.5%","±0.9","1,303","±277","2.9%","±0.6","956","±150","2.6%","±0.4","1,756","±435","4.9%","±1.2","728","±234","2.5%","±0.8","973","±339","4.5%","±1.5","226","±101","3.0%","±1.3","238","±160","1.8%","±1.2","264","±130","2.4%","±1.2"
"            Armed Forces","18,471","±1,234","0.5%","±0.1","0","±33","0.0%","±0.1","7","±15","0.0%","±0.1","207","±154","0.2%","±0.2","29","±34","0.2%","±0.2","79","±97","0.3%","±0.3","329","±84","1.2%","±0.3","31","±43","0.3%","±0.4","4,242","±603","4.2%","±0.6","536","±209","0.3%","±0.1","196","±134","0.1%","±0.1","5","±12","0.1%","±0.2","0","±20","0.0%","±1.1","5","±10","0.1%","±0.1","19","±34","0.2%","±0.3","0","±22","0.0%","±0.3","20","±18","0.1%","±0.1","305","±182","0.1%","±0.1","0","±20","0.0%","±0.8","36","±68","0.2%","±0.4","15","±23","0.1%","±0.1","0","±22","0.0%","±0.3","54","±61","0.3%","±0.3","18","±30","0.0%","±0.1","106","±29","0.4%","±0.1","15","±23","0.1%","±0.2","1,256","±340","0.4%","±0.1","0","±30","0.0%","±0.2","406","±213","0.2%","±0.1","34","±40","0.0%","±0.1","5","±23","0.0%","±0.2","0","±30","0.0%","±0.1","272","±160","0.2%","±0.1","1","±2","0.0%","±0.1","0","±26","0.0%","±0.2","21","±13","0.1%","±0.1","1,452","±343","0.5%","±0.1","21","±21","0.0%","±0.1","724","±242","4.0%","±1.3","24","±31","0.1%","±0.2","577","±145","0.6%","±0.1","0","±20","0.0%","±0.7","11","±23","0.1%","±0.1","21","±27","0.1%","±0.2","32","±37","0.1%","±0.1","35","±44","0.1%","±0.1","0","±22","0.0%","±0.5","0","±22","0.0%","±0.3","18","±28","0.1%","±0.1","99","±119","0.2%","±0.2","201","±143","0.5%","±0.4","53","±78","0.1%","±0.2","1,455","±434","0.7%","±0.2","64","±62","0.1%","±0.1","0","±14","0.0%","±1.4","120","±102","0.1%","±0.1","34","±50","0.2%","±0.3","122","±99","0.3%","±0.2","5,080","±333","14.0%","±0.9","31","±42","0.1%","±0.1","39","±11","0.1%","±0.1","9","±19","0.0%","±0.1","0","±20","0.0%","±0.6","0","±22","0.0%","±0.3","0","±22","0.0%","±0.4"
"        Not in labor force","1,485,454","±8,175","40.7%","±0.2","19,748","±930","44.8%","±2.1","9,483","±463","52.6%","±2.6","31,368","±1,299","31.5%","±1.3","7,635","±520","45.1%","±3.0","15,414","±593","50.3%","±1.9","12,524","±522","44.0%","±1.9","5,405","±296","53.2%","±2.8","38,410","±1,267","38.0%","±1.3","78,734","±2,061","43.1%","±1.1","62,804","±1,955","39.0%","±1.2","3,872","±322","50.7%","±4.1","1,689","±192","43.0%","±4.6","3,824","±226","55.3%","±3.2","7,335","±407","63.7%","±3.3","7,719","±437","53.5%","±3.0","10,211","±553","47.4%","±2.6","133,997","±3,077","37.0%","±0.8","3,601","±278","60.5%","±4.3","9,007","±407","55.3%","±2.5","11,967","±538","48.0%","±2.1","7,398","±381","49.3%","±2.5","9,509","±487","52.8%","±2.7","22,566","±882","42.9%","±1.6","11,967","±625","48.6%","±2.6","6,502","±379","53.5%","±3.1","126,136","±2,158","36.6%","±0.6","11,123","±693","45.0%","±2.8","67,201","±1,861","34.6%","±1.0","33,226","±955","43.2%","±1.3","5,246","±378","44.9%","±3.2","19,418","±883","48.9%","±2.2","43,468","±1,404","37.9%","±1.2","4,031","±271","55.9%","±3.8","9,474","±438","48.4%","±2.2","13,726","±485","46.8%","±1.6","120,587","±2,222","39.3%","±0.7","49,670","±1,348","40.1%","±1.1","6,469","±476","36.1%","±2.6","7,113","±373","43.8%","±2.3","41,234","±1,225","41.5%","±1.2","3,060","±288","51.3%","±4.6","7,578","±433","48.5%","±2.7","9,199","±385","52.5%","±2.2","13,855","±872","40.4%","±2.5","14,459","±850","35.8%","±2.1","4,240","±345","48.1%","±4.0","6,765","±414","42.9%","±2.5","12,965","±778","40.0%","±2.4","29,448","±1,190","47.2%","±1.9","16,984","±634","41.9%","±1.5","17,112","±752","45.8%","±2.0","80,105","±2,017","37.1%","±0.9","43,607","±1,624","40.7%","±1.5","2,039","±144","64.6%","±4.5","34,010","±1,326","41.1%","±1.6","8,528","±480","50.7%","±2.8","19,034","±894","42.9%","±2.0","14,460","±504","39.8%","±1.4","17,912","±835","50.2%","±2.3","14,575","±690","50.7%","±2.4","7,840","±576","36.0%","±2.5","3,682","±252","48.3%","±3.2","7,370","±397","56.2%","±2.8","5,816","±394","53.2%","±3.5"
"    Civilian labor force","2,148,164","±8,040","2,148,164","(X)","24,292","±959","24,292","(X)","8,550","±461","8,550","(X)","68,032","±1,249","68,032","(X)","9,261","±491","9,261","(X)","15,133","±568","15,133","(X)","15,583","±554","15,583","(X)","4,723","±284","4,723","(X)","58,324","±1,325","58,324","(X)","103,379","±2,005","103,379","(X)","97,881","±1,968","97,881","(X)","3,756","±303","3,756","(X)","2,235","±183","2,235","(X)","3,084","±223","3,084","(X)","4,166","±364","4,166","(X)","6,703","±442","6,703","(X)","11,298","±559","11,298","(X)","227,785","±3,008","227,785","(X)","2,352","±255","2,352","(X)","7,246","±385","7,246","(X)","12,953","±558","12,953","(X)","7,595","±387","7,595","(X)","8,450","±468","8,450","(X)","30,073","±817","30,073","(X)","12,552","±654","12,552","(X)","5,640","±396","5,640","(X)","217,475","±2,078","217,475","(X)","13,619","±690","13,619","(X)","126,631","±1,899","126,631","(X)","43,681","±990","43,681","(X)","6,440","±448","6,440","(X)","20,273","±855","20,273","(X)","70,851","±1,406","70,851","(X)","3,182","±281","3,182","(X)","10,119","±442","10,119","(X)","15,558","±477","15,558","(X)","184,482","±2,194","184,482","(X)","74,090","±1,303","74,090","(X)","10,738","±464","10,738","(X)","9,107","±368","9,107","(X)","57,505","±1,245","57,505","(X)","2,910","±269","2,910","(X)","8,040","±414","8,040","(X)","8,302","±388","8,302","(X)","20,413","±840","20,413","(X)","25,914","±882","25,914","(X)","4,583","±357","4,583","(X)","8,988","±390","8,988","(X)","19,443","±760","19,443","(X)","32,799","±1,141","32,799","(X)","23,364","±612","23,364","(X)","20,221","±705","20,221","(X)","134,304","±1,941","134,304","(X)","63,459","±1,600","63,459","(X)","1,119","±145","1,119","(X)","48,614","±1,315","48,614","(X)","8,254","±480","8,254","(X)","25,187","±880","25,187","(X)","16,822","±527","16,822","(X)","17,762","±807","17,762","(X)","14,139","±676","14,139","(X)","13,915","±539","13,915","(X)","3,940","±246","3,940","(X)","5,753","±361","5,753","(X)","5,122","±388","5,122","(X)"
"        Unemployment Rate","(X)","(X)","6.3%","±0.2","(X)","(X)","7.7%","±1.6","(X)","(X)","9.8%","±3.7","(X)","(X)","4.4%","±1.0","(X)","(X)","4.8%","±1.7","(X)","(X)","6.9%","±1.4","(X)","(X)","6.8%","±1.8","(X)","(X)","6.3%","±2.2","(X)","(X)","5.9%","±1.1","(X)","(X)","8.7%","±0.8","(X)","(X)","5.4%","±0.8","(X)","(X)","10.1%","±3.7","(X)","(X)","2.1%","±1.6","(X)","(X)","8.9%","±3.4","(X)","(X)","5.1%","±2.6","(X)","(X)","11.7%","±3.5","(X)","(X)","6.0%","±1.6","(X)","(X)","7.7%","±0.7","(X)","(X)","13.9%","±7.7","(X)","(X)","5.9%","±2.7","(X)","(X)","9.8%","±2.3","(X)","(X)","8.2%","±2.1","(X)","(X)","3.7%","±1.5","(X)","(X)","7.3%","±1.4","(X)","(X)","6.1%","±2.1","(X)","(X)","7.4%","±3.2","(X)","(X)","6.2%","±0.5","(X)","(X)","4.7%","±1.2","(X)","(X)","5.1%","±0.7","(X)","(X)","4.2%","±0.9","(X)","(X)","4.9%","±2.4","(X)","(X)","3.8%","±1.8","(X)","(X)","4.2%","±0.9","(X)","(X)","5.5%","±2.6","(X)","(X)","9.4%","±3.1","(X)","(X)","5.6%","±1.3","(X)","(X)","7.5%","±0.6","(X)","(X)","6.5%","±0.8","(X)","(X)","4.2%","±1.8","(X)","(X)","7.0%","±2.3","(X)","(X)","5.1%","±0.8","(X)","(X)","3.6%","±1.8","(X)","(X)","8.9%","±2.6","(X)","(X)","6.6%","±1.7","(X)","(X)","7.6%","±1.8","(X)","(X)","6.7%","±1.8","(X)","(X)","17.6%","±7.0","(X)","(X)","4.1%","±1.7","(X)","(X)","10.9%","±2.8","(X)","(X)","6.3%","±1.2","(X)","(X)","4.0%","±1.1","(X)","(X)","5.4%","±1.8","(X)","(X)","4.8%","±0.6","(X)","(X)","6.0%","±1.0","(X)","(X)","11.4%","±5.5","(X)","(X)","4.7%","±0.9","(X)","(X)","5.1%","±1.9","(X)","(X)","5.2%","±1.1","(X)","(X)","5.7%","±0.9","(X)","(X)","9.9%","±2.4","(X)","(X)","5.1%","±1.6","(X)","(X)","7.0%","±2.4","(X)","(X)","5.7%","±2.6","(X)","(X)","4.1%","±2.8","(X)","(X)","5.2%","±2.6"
"    Females 16 years and over","1,887,951","±1,546","1,887,951","(X)","22,843","±156","22,843","(X)","7,745","±91","7,745","(X)","51,092","±320","51,092","(X)","8,712","±134","8,712","(X)","15,305","±156","15,305","(X)","13,967","±113","13,967","(X)","5,219","±86","5,219","(X)","51,494","±192","51,494","(X)","97,847","±320","97,847","(X)","83,192","±300","83,192","(X)","3,618","±68","3,618","(X)","2,007","±111","2,007","(X)","3,213","±60","3,213","(X)","5,250","±107","5,250","(X)","7,249","±105","7,249","(X)","11,356","±70","11,356","(X)","192,266","±436","192,266","(X)","2,336","±144","2,336","(X)","7,122","±109","7,122","(X)","12,628","±224","12,628","(X)","7,962","±116","7,962","(X)","7,719","±138","7,719","(X)","26,925","±237","26,925","(X)","11,900","±199","11,900","(X)","5,977","±108","5,977","(X)","179,710","±396","179,710","(X)","12,465","±111","12,465","(X)","100,646","±311","100,646","(X)","39,339","±199","39,339","(X)","5,329","±175","5,329","(X)","20,417","±149","20,417","(X)","58,479","±334","58,479","(X)","3,819","±71","3,819","(X)","10,177","±93","10,177","(X)","15,505","±147","15,505","(X)","165,042","±298","165,042","(X)","65,135","±219","65,135","(X)","8,780","±129","8,780","(X)","8,420","±80","8,420","(X)","52,114","±220","52,114","(X)","3,094","±55","3,094","(X)","8,058","±68","8,058","(X)","8,875","±70","8,875","(X)","17,678","±114","17,678","(X)","20,793","±140","20,793","(X)","4,677","±56","4,677","(X)","8,209","±136","8,209","(X)","16,832","±186","16,832","(X)","32,615","±186","32,615","(X)","20,830","±95","20,830","(X)","19,167","±161","19,167","(X)","111,667","±360","111,667","(X)","55,438","±211","55,438","(X)","1,652","±32","1,652","(X)","42,213","±186","42,213","(X)","8,654","±44","8,654","(X)","23,051","±173","23,051","(X)","17,518","±84","17,518","(X)","18,008","±177","18,008","(X)","15,149","±89","15,149","(X)","10,936","±110","10,936","(X)","3,882","±79","3,882","(X)","3,815","±134","3,815","(X)","4,819","±109","4,819","(X)"
"        In labor force","1,050,946","±5,845","55.7%","±0.3","11,392","±623","49.9%","±2.6","4,025","±299","52.0%","±3.8","32,229","±822","63.1%","±1.6","4,522","±286","51.9%","±3.4","7,413","±413","48.4%","±2.7","6,756","±359","48.4%","±2.6","2,065","±181","39.6%","±3.5","29,646","±938","57.6%","±1.8","54,146","±1,383","55.3%","±1.4","46,943","±1,411","56.4%","±1.7","1,431","±189","39.6%","±5.1","910","±134","45.3%","±6.2","1,529","±161","47.6%","±5.0","2,170","±181","41.3%","±3.5","3,106","±337","42.8%","±4.6","5,274","±428","46.4%","±3.7","112,558","±2,268","58.5%","±1.2","1,311","±177","56.1%","±7.6","3,785","±279","53.1%","±4.0","5,855","±364","46.4%","±2.9","3,930","±307","49.4%","±3.7","3,883","±356","50.3%","±4.4","13,796","±606","51.2%","±2.3","5,930","±504","49.8%","±4.5","2,644","±268","44.2%","±4.2","107,182","±1,513","59.6%","±0.9","6,097","±413","48.9%","±3.2","60,595","±1,283","60.2%","±1.2","20,406","±769","51.9%","±2.0","2,407","±243","45.2%","±4.5","10,028","±638","49.1%","±3.1","32,446","±990","55.5%","±1.7","1,654","±185","43.3%","±4.7","5,173","±363","50.8%","±3.5","7,889","±286","50.9%","±1.9","97,285","±1,477","58.9%","±0.9","37,400","±884","57.4%","±1.4","5,095","±330","58.0%","±3.8","4,615","±302","54.8%","±3.6","28,339","±871","54.4%","±1.7","1,310","±180","42.3%","±5.8","4,115","±276","51.1%","±3.5","3,567","±249","40.2%","±2.8","9,893","±528","56.0%","±3.1","12,575","±655","60.5%","±3.0","2,328","±279","49.8%","±5.8","4,522","±287","55.1%","±3.6","10,015","±568","59.5%","±3.3","15,877","±756","48.7%","±2.3","11,708","±430","56.2%","±2.1","9,564","±470","49.9%","±2.5","64,496","±1,313","57.8%","±1.2","30,753","±1,080","55.5%","±2.0","564","±112","34.1%","±6.7","22,388","±916","53.0%","±2.1","3,717","±362","43.0%","±4.2","11,745","±552","51.0%","±2.3","8,854","±390","50.5%","±2.2","8,834","±642","49.1%","±3.6","7,063","±426","46.6%","±2.8","7,089","±390","64.8%","±3.6","1,748","±188","45.0%","±5.0","2,034","±202","53.3%","±5.3","2,327","±218","48.3%","±4.5"
"            Civilian labor force","1,048,055","±5,932","55.5%","±0.3","11,392","±623","49.9%","±2.6","4,025","±299","52.0%","±3.8","32,200","±822","63.0%","±1.6","4,522","±286","51.9%","±3.4","7,401","±413","48.4%","±2.7","6,702","±361","48.0%","±2.6","2,034","±177","39.0%","±3.4","28,748","±911","55.8%","±1.8","54,046","±1,389","55.2%","±1.4","46,859","±1,403","56.3%","±1.7","1,431","±189","39.6%","±5.1","910","±134","45.3%","±6.2","1,529","±161","47.6%","±5.0","2,170","±181","41.3%","±3.5","3,106","±337","42.8%","±4.6","5,271","±427","46.4%","±3.7","112,444","±2,309","58.5%","±1.2","1,311","±177","56.1%","±7.6","3,785","±279","53.1%","±4.0","5,855","±364","46.4%","±2.9","3,930","±307","49.4%","±3.7","3,883","±356","50.3%","±4.4","13,778","±602","51.2%","±2.2","5,928","±502","49.8%","±4.5","2,629","±271","44.0%","±4.3","106,838","±1,522","59.5%","±0.9","6,097","±413","48.9%","±3.2","60,572","±1,284","60.2%","±1.2","20,406","±769","51.9%","±2.0","2,407","±243","45.2%","±4.5","10,028","±638","49.1%","±3.1","32,434","±988","55.5%","±1.6","1,654","±185","43.3%","±4.7","5,173","±363","50.8%","±3.5","7,889","±286","50.9%","±1.9","97,102","±1,502","58.8%","±0.9","37,391","±883","57.4%","±1.4","5,006","±318","57.0%","±3.7","4,604","±302","54.7%","±3.6","28,246","±889","54.2%","±1.7","1,310","±180","42.3%","±5.8","4,115","±276","51.1%","±3.5","3,567","±249","40.2%","±2.8","9,891","±527","56.0%","±3.1","12,567","±656","60.4%","±3.0","2,328","±279","49.8%","±5.8","4,522","±287","55.1%","±3.6","10,015","±568","59.5%","±3.3","15,875","±755","48.7%","±2.3","11,687","±431","56.1%","±2.1","9,564","±470","49.9%","±2.5","64,305","±1,320","57.6%","±1.2","30,753","±1,080","55.5%","±2.0","564","±112","34.1%","±6.7","22,379","±914","53.0%","±2.1","3,717","±362","43.0%","±4.2","11,745","±552","51.0%","±2.3","8,342","±334","47.6%","±1.9","8,825","±643","49.0%","±3.6","7,050","±425","46.5%","±2.8","7,089","±390","64.8%","±3.6","1,748","±188","45.0%","±5.0","2,034","±202","53.3%","±5.3","2,327","±218","48.3%","±4.5"
"                Employed","983,741","±6,401","52.1%","±0.3","10,434","±633","45.7%","±2.7","3,691","±300","47.7%","±3.9","30,438","±967","59.6%","±1.9","4,377","±296","50.2%","±3.5","6,801","±415","44.4%","±2.7","6,190","±395","44.3%","±2.8","1,879","±186","36.0%","±3.5","26,855","±1,019","52.2%","±2.0","49,443","±1,461","50.5%","±1.5","44,362","±1,388","53.3%","±1.6","1,213","±202","33.5%","±5.5","888","±132","44.2%","±6.1","1,404","±173","43.7%","±5.3","2,081","±190","39.6%","±3.7","2,804","±337","38.7%","±4.6","5,057","±423","44.5%","±3.7","104,157","±2,229","54.2%","±1.2","1,148","±203","49.1%","±8.1","3,509","±313","49.3%","±4.4","5,317","±370","42.1%","±3.0","3,590","±272","45.1%","±3.3","3,754","±345","48.6%","±4.2","13,115","±603","48.7%","±2.2","5,469","±487","46.0%","±4.3","2,506","±259","41.9%","±4.1","100,123","±1,618","55.7%","±0.9","5,783","±405","46.4%","±3.2","58,087","±1,277","57.7%","±1.2","19,367","±715","49.2%","±1.8","2,248","±250","42.2%","±4.7","9,544","±643","46.7%","±3.2","31,021","±1,034","53.0%","±1.7","1,584","±183","41.5%","±4.7","4,672","±396","45.9%","±3.8","7,455","±280","48.1%","±1.8","90,765","±1,572","55.0%","±1.0","35,050","±944","53.8%","±1.5","4,771","±339","54.3%","±3.9","4,380","±307","52.0%","±3.6","26,951","±901","51.7%","±1.7","1,277","±182","41.3%","±5.9","3,816","±279","47.4%","±3.5","3,294","±236","37.1%","±2.7","9,247","±548","52.3%","±3.2","11,682","±784","56.2%","±3.7","2,062","±300","44.1%","±6.2","4,276","±310","52.1%","±3.9","9,189","±555","54.6%","±3.3","14,807","±757","45.4%","±2.3","11,393","±432","54.7%","±2.1","9,036","±490","47.1%","±2.6","61,406","±1,288","55.0%","±1.2","28,940","±1,122","52.2%","±2.0","520","±108","31.5%","±6.5","21,333","±935","50.5%","±2.2","3,501","±353","40.5%","±4.1","11,020","±551","47.8%","±2.3","7,786","±322","44.4%","±1.8","8,024","±633","44.6%","±3.6","6,648","±442","43.9%","±2.9","6,310","±494","57.7%","±4.5","1,708","±186","44.0%","±4.9","1,980","±199","51.9%","±5.3","2,203","±223","45.7%","±4.6"
"    Own children of the householder under 6 years","327,581","±3,009","327,581","(X)","4,813","±378","4,813","(X)","1,705","±134","1,705","(X)","9,893","±374","9,893","(X)","1,232","±130","1,232","(X)","2,865","±216","2,865","(X)","2,854","±140","2,854","(X)","763","±118","763","(X)","9,574","±374","9,574","(X)","16,440","±637","16,440","(X)","15,121","±577","15,121","(X)","517","±79","517","(X)","423","±91","423","(X)","558","±110","558","(X)","790","±91","790","(X)","1,177","±100","1,177","(X)","1,808","±239","1,808","(X)","33,230","±1,265","33,230","(X)","154","±73","154","(X)","1,036","±133","1,036","(X)","2,411","±225","2,411","(X)","1,503","±125","1,503","(X)","1,358","±88","1,358","(X)","5,404","±357","5,404","(X)","1,571","±170","1,571","(X)","908","±136","908","(X)","30,845","±672","30,845","(X)","2,551","±202","2,551","(X)","18,964","±563","18,964","(X)","6,585","±423","6,585","(X)","1,371","±340","1,371","(X)","2,830","±214","2,830","(X)","11,322","±591","11,322","(X)","856","±107","856","(X)","1,549","±96","1,549","(X)","2,497","±113","2,497","(X)","23,486","±691","23,486","(X)","11,571","±438","11,571","(X)","1,670","±152","1,670","(X)","947","±135","947","(X)","9,407","±385","9,407","(X)","298","±131","298","(X)","1,478","±105","1,478","(X)","1,377","±102","1,377","(X)","3,404","±206","3,404","(X)","3,124","±193","3,124","(X)","459","±169","459","(X)","1,392","±146","1,392","(X)","2,738","±208","2,738","(X)","6,279","±292","6,279","(X)","3,704","±234","3,704","(X)","3,447","±191","3,447","(X)","17,322","±562","17,322","(X)","10,473","±512","10,473","(X)","211","±78","211","(X)","7,941","±369","7,941","(X)","1,271","±177","1,271","(X)","4,203","±309","4,203","(X)","3,888","±204","3,888","(X)","3,327","±328","3,327","(X)","2,437","±140","2,437","(X)","2,072","±189","2,072","(X)","579","±86","579","(X)","822","±151","822","(X)","776","±150","776","(X)"
"        All parents in family in labor force","232,326","±3,964","70.9%","±0.9","3,659","±386","76.0%","±5.4","1,345","±175","78.9%","±8.6","8,260","±500","83.5%","±4.7","935","±179","75.9%","±10.2","2,289","±244","79.9%","±5.7","1,356","±213","47.5%","±7.7","515","±123","67.5%","±12.8","6,735","±633","70.3%","±5.9","11,671","±898","71.0%","±4.2","10,448","±839","69.1%","±5.5","237","±92","45.8%","±18.0","176","±97","41.6%","±21.5","354","±110","63.4%","±17.7","362","±126","45.8%","±15.1","609","±173","51.7%","±14.1","1,330","±257","73.6%","±9.7","22,934","±1,569","69.0%","±3.9","116","±70","75.3%","±30.0","803","±177","77.5%","±11.5","1,758","±286","72.9%","±11.9","1,209","±187","80.4%","±8.7","1,040","±164","76.6%","±10.2","3,489","±514","64.6%","±8.5","1,111","±238","70.7%","±15.9","469","±179","51.7%","±15.8","22,701","±1,095","73.6%","±3.1","1,566","±242","61.4%","±8.6","13,597","±811","71.7%","±3.9","4,050","±541","61.5%","±7.0","586","±199","42.7%","±18.2","2,185","±305","77.2%","±8.0","7,418","±920","65.5%","±6.3","567","±175","66.2%","±17.3","1,171","±230","75.6%","±13.4","1,579","±185","63.2%","±8.1","16,489","±1,064","70.2%","±4.0","8,410","±555","72.7%","±4.4","1,160","±178","69.5%","±9.0","652","±168","68.8%","±15.2","7,049","±596","74.9%","±5.1","191","±102","64.1%","±22.4","1,123","±138","76.0%","±7.5","764","±160","55.5%","±9.8","2,602","±345","76.4%","±8.8","2,470","±341","79.1%","±8.9","298","±206","64.9%","±28.5","1,205","±182","86.6%","±9.6","1,937","±303","70.7%","±8.3","4,724","±468","75.2%","±8.0","3,105","±336","83.8%","±5.3","2,312","±320","67.1%","±8.9","12,934","±819","74.7%","±4.3","7,703","±745","73.6%","±5.7","122","±70","57.8%","±23.7","5,645","±594","71.1%","±7.1","723","±244","56.9%","±15.9","2,916","±396","69.4%","±8.1","2,149","±280","55.3%","±6.2","2,434","±285","73.2%","±7.8","1,562","±296","64.1%","±10.8","1,613","±248","77.8%","±11.1","310","±101","53.5%","±17.1","639","±164","77.7%","±9.7","455","±115","58.6%","±15.9"
"    Own children of the householder 6 to 17 years","685,959","±3,633","685,959","(X)","9,220","±446","9,220","(X)","3,231","±192","3,231","(X)","22,555","±619","22,555","(X)","2,892","±133","2,892","(X)","5,755","±247","5,755","(X)","5,680","±239","5,680","(X)","1,516","±219","1,516","(X)","21,341","±483","21,341","(X)","33,919","±636","33,919","(X)","32,875","±995","32,875","(X)","1,249","±133","1,249","(X)","682","±111","682","(X)","971","±154","971","(X)","1,469","±121","1,469","(X)","2,735","±136","2,735","(X)","4,238","±196","4,238","(X)","63,102","±1,591","63,102","(X)","1,117","±124","1,117","(X)","2,074","±196","2,074","(X)","5,425","±270","5,425","(X)","3,154","±143","3,154","(X)","2,763","±203","2,763","(X)","10,796","±412","10,796","(X)","3,624","±228","3,624","(X)","1,560","±162","1,560","(X)","61,032","±944","61,032","(X)","4,804","±248","4,804","(X)","38,795","±774","38,795","(X)","14,253","±416","14,253","(X)","1,870","±100","1,870","(X)","6,187","±230","6,187","(X)","24,021","±902","24,021","(X)","1,430","±103","1,430","(X)","3,743","±131","3,743","(X)","5,314","±155","5,314","(X)","45,164","±652","45,164","(X)","24,476","±728","24,476","(X)","3,697","±192","3,697","(X)","3,102","±203","3,102","(X)","20,217","±731","20,217","(X)","1,163","±65","1,163","(X)","2,800","±162","2,800","(X)","3,062","±166","3,062","(X)","7,295","±308","7,295","(X)","8,965","±242","8,965","(X)","1,568","±157","1,568","(X)","2,675","±188","2,675","(X)","6,303","±442","6,303","(X)","13,838","±380","13,838","(X)","8,058","±280","8,058","(X)","7,468","±314","7,468","(X)","43,229","±627","43,229","(X)","20,810","±866","20,810","(X)","489","±54","489","(X)","16,276","±681","16,276","(X)","2,486","±246","2,486","(X)","9,499","±321","9,499","(X)","6,938","±251","6,938","(X)","6,781","±328","6,781","(X)","5,103","±241","5,103","(X)","4,588","±237","4,588","(X)","1,419","±125","1,419","(X)","1,323","±180","1,323","(X)","1,775","±178","1,775","(X)"
"        All parents in family in labor force","506,274","±5,479","73.8%","±0.7","6,405","±682","69.5%","±6.3","2,189","±281","67.7%","±7.8","17,745","±1,005","78.7%","±3.8","2,316","±218","80.1%","±6.6","4,203","±421","73.0%","±7.0","3,156","±386","55.6%","±6.0","873","±191","57.6%","±11.7","15,371","±1,054","72.0%","±4.9","26,223","±1,189","77.3%","±3.3","24,078","±1,507","73.2%","±3.5","897","±207","71.8%","±14.2","484","±130","71.0%","±11.8","790","±157","81.4%","±8.6","898","±176","61.1%","±10.7","2,116","±227","77.4%","±7.8","2,762","±315","65.2%","±7.9","46,819","±2,535","74.2%","±3.2","868","±188","77.7%","±14.4","1,600","±210","77.1%","±10.9","3,507","±455","64.6%","±8.6","2,294","±206","72.7%","±6.1","2,210","±243","80.0%","±6.1","7,634","±599","70.7%","±5.4","2,885","±443","79.6%","±11.5","924","±191","59.2%","±10.6","48,159","±1,512","78.9%","±2.4","3,409","±398","71.0%","±7.1","30,118","±1,520","77.6%","±3.7","10,077","±697","70.7%","±4.2","1,237","±210","66.1%","±10.4","4,369","±404","70.6%","±6.4","16,437","±1,178","68.4%","±4.4","949","±177","66.4%","±11.7","2,494","±357","66.6%","±8.9","3,703","±259","69.7%","±5.0","34,607","±1,005","76.6%","±2.0","18,913","±926","77.3%","±3.0","2,755","±334","74.5%","±8.0","2,490","±346","80.3%","±8.3","15,156","±1,168","75.0%","±4.8","467","±159","40.2%","±13.2","1,830","±282","65.4%","±9.0","1,757","±252","57.4%","±7.1","5,571","±565","76.4%","±6.7","7,169","±591","80.0%","±6.4","919","±326","58.6%","±19.0","2,375","±232","88.8%","±6.2","5,007","±578","79.4%","±7.6","9,960","±763","72.0%","±5.6","6,000","±415","74.5%","±5.2","5,007","±499","67.0%","±5.7","33,211","±1,501","76.8%","±3.2","14,495","±1,079","69.7%","±4.8","211","±75","43.1%","±16.6","10,970","±892","67.4%","±5.3","1,248","±309","50.2%","±11.4","6,970","±624","73.4%","±6.2","4,242","±343","61.1%","±5.0","4,491","±485","66.2%","±6.7","3,371","±403","66.1%","±7.2","3,936","±364","85.8%","±5.9","724","±235","51.0%","±14.1","951","±202","71.9%","±10.6","1,272","±232","71.7%","±9.0"
"COMMUTING TO WORK","","","","","","","","","","","","","","","","","","","","","","","","","","","","","","","","","","","","","","","","","","","","","","","","","","","","","","","","","","","","","","","","","","","","","","","","","","","","","","","","","","","","","","","","","","","","","","","","","","","","","","","","","","","","","","","","","","","","","","","","","","","","","","","","","","","","","","","","","","","","","","","","","","","","","","","","","","","","","","","","","","","","","","","","","","","","","","","","","","","","","","","","","","","","","","","","","","","","","","","","","","","","","","","","","","","","","","","","","","","","","","","","","","","","","","","","","","","","","","","","","","","","","","","","","","","","","","","","","","","",""
"    Workers 16 years and over","1,988,865","±8,862","1,988,865","(X)","22,198","±875","22,198","(X)","7,665","±584","7,665","(X)","64,195","±1,455","64,195","(X)","8,622","±497","8,622","(X)","13,967","±574","13,967","(X)","14,578","±586","14,578","(X)","4,408","±293","4,408","(X)","58,335","±1,371","58,335","(X)","93,076","±1,878","93,076","(X)","91,444","±2,072","91,444","(X)","3,295","±336","3,295","(X)","2,169","±184","2,169","(X)","2,784","±216","2,784","(X)","3,889","±346","3,889","(X)","5,777","±448","5,777","(X)","10,469","±523","10,469","(X)","205,418","±2,829","205,418","(X)","2,003","±298","2,003","(X)","6,753","±457","6,753","(X)","11,227","±552","11,227","(X)","6,776","±354","6,776","(X)","8,154","±493","8,154","(X)","27,181","±879","27,181","(X)","11,713","±653","11,713","(X)","5,195","±383","5,195","(X)","199,979","±2,299","199,979","(X)","12,760","±716","12,760","(X)","119,217","±2,139","119,217","(X)","41,079","±964","41,079","(X)","6,042","±464","6,042","(X)","19,091","±873","19,091","(X)","67,457","±1,485","67,457","(X)","2,916","±262","2,916","(X)","8,937","±561","8,937","(X)","14,614","±456","14,614","(X)","167,719","±2,422","167,719","(X)","68,455","±1,451","68,455","(X)","10,565","±545","10,565","(X)","8,120","±473","8,120","(X)","53,673","±1,292","53,673","(X)","2,757","±275","2,757","(X)","7,177","±429","7,177","(X)","7,645","±373","7,645","(X)","18,435","±811","18,435","(X)","23,814","±933","23,814","(X)","3,611","±441","3,611","(X)","8,268","±393","8,268","(X)","16,547","±867","16,547","(X)","30,010","±1,043","30,010","(X)","22,221","±664","22,221","(X)","18,883","±862","18,883","(X)","125,937","±1,904","125,937","(X)","58,292","±1,633","58,292","(X)","981","±143","981","(X)","45,363","±1,388","45,363","(X)","7,789","±503","7,789","(X)","23,257","±914","23,257","(X)","20,579","±495","20,579","(X)","15,560","±750","15,560","(X)","13,279","±664","13,279","(X)","12,817","±610","12,817","(X)","3,615","±266","3,615","(X)","5,314","±412","5,314","(X)","4,799","±415","4,799","(X)"
"        Car, truck, or van -- drove alone","1,562,517","±8,815","78.6%","±0.3","18,309","±843","82.5%","±2.2","6,345","±581","82.8%","±4.2","52,413","±1,673","81.6%","±2.0","7,308","±477","84.8%","±3.3","11,522","±548","82.5%","±2.7","12,143","±619","83.3%","±2.4","3,669","±274","83.2%","±4.3","48,476","±1,323","83.1%","±1.7","74,478","±1,952","80.0%","±1.6","73,742","±2,062","80.6%","±1.4","2,864","±327","86.9%","±4.7","1,979","±209","91.2%","±6.3","2,065","±277","74.2%","±6.5","3,379","±321","86.9%","±3.5","5,076","±424","87.9%","±3.2","8,760","±574","83.7%","±3.0","158,631","±3,241","77.2%","±1.1","1,601","±271","79.9%","±7.4","5,827","±440","86.3%","±3.1","9,160","±608","81.6%","±4.0","5,422","±394","80.0%","±3.9","7,288","±528","89.4%","±2.3","22,351","±1,015","82.2%","±2.1","9,816","±653","83.8%","±3.2","4,424","±433","85.2%","±4.1","153,008","±2,821","76.5%","±1.0","11,040","±781","86.5%","±3.2","95,549","±1,996","80.1%","±1.4","33,155","±1,105","80.7%","±1.7","4,521","±495","74.8%","±6.2","14,596","±895","76.5%","±2.6","56,104","±1,556","83.2%","±1.6","2,449","±266","84.0%","±4.8","7,610","±510","85.2%","±3.1","12,063","±504","82.5%","±2.3","104,124","±2,037","62.1%","±1.0","53,676","±1,601","78.4%","±1.7","8,508","±658","80.5%","±3.8","7,083","±446","87.2%","±3.2","43,152","±1,205","80.4%","±1.7","2,474","±293","89.7%","±4.0","5,891","±366","82.1%","±3.3","6,026","±402","78.8%","±3.0","14,087","±809","76.4%","±2.6","19,846","±1,077","83.3%","±2.8","2,798","±505","77.5%","±7.9","7,091","±461","85.8%","±3.1","13,550","±825","81.9%","±2.7","23,446","±980","78.1%","±2.0","18,404","±690","82.8%","±2.4","15,996","±870","84.7%","±1.9","97,082","±2,235","77.1%","±1.2","46,730","±1,580","80.2%","±1.8","824","±126","84.0%","±5.2","38,091","±1,337","84.0%","±1.5","6,731","±496","86.4%","±2.8","19,060","±900","82.0%","±2.4","16,399","±714","79.7%","±2.2","11,326","±788","72.8%","±3.4","10,775","±627","81.1%","±2.9","10,580","±667","82.5%","±3.1","2,991","±299","82.7%","±5.0","4,652","±452","87.5%","±4.6","3,981","±432","83.0%","±4.6"
"        Car, truck, or van -- carpooled","173,191","±4,451","8.7%","±0.2","1,808","±340","8.1%","±1.5","512","±207","6.7%","±2.5","5,049","±897","7.9%","±1.3","715","±263","8.3%","±2.8","836","±236","6.0%","±1.7","1,497","±355","10.3%","±2.4","335","±160","7.6%","±3.5","3,895","±693","6.7%","±1.1","8,427","±1,186","9.1%","±1.2","9,513","±1,001","10.4%","±1.1","106","±57","3.2%","±1.7","174","±137","8.0%","±6.2","227","±126","8.2%","±4.4","326","±130","8.4%","±3.0","261","±119","4.5%","±2.0","849","±237","8.1%","±2.2","20,831","±1,694","10.1%","±0.8","214","±143","10.7%","±6.4","378","±132","5.6%","±1.9","926","±272","8.2%","±2.5","466","±162","6.9%","±2.5","439","±115","5.4%","±1.4","1,834","±386","6.7%","±1.4","873","±268","7.5%","±2.2","360","±174","6.9%","±3.4","21,743","±1,551","10.9%","±0.8","816","±271","6.4%","±2.1","6,952","±956","5.8%","±0.8","4,236","±617","10.3%","±1.5","812","±329","13.4%","±5.2","1,665","±374","8.7%","±1.9","5,576","±758","8.3%","±1.1","251","±116","8.6%","±3.9","600","±188","6.7%","±2.0","1,421","±267","9.7%","±1.8","14,480","±1,169","8.6%","±0.7","6,662","±783","9.7%","±1.1","1,075","±331","10.2%","±3.1","370","±163","4.6%","±1.9","3,499","±572","6.5%","±1.1","162","±86","5.9%","±3.1","611","±187","8.5%","±2.5","902","±159","11.8%","±2.1","2,029","±352","11.0%","±1.9","1,255","±343","5.3%","±1.5","379","±146","10.5%","±3.8","553","±173","6.7%","±2.1","1,480","±283","8.9%","±1.6","3,258","±481","10.9%","±1.6","1,480","±391","6.7%","±1.7","1,431","±262","7.6%","±1.4","9,068","±943","7.2%","±0.8","5,409","±853","9.3%","±1.4","75","±47","7.6%","±4.4","4,413","±692","9.7%","±1.5","571","±182","7.3%","±2.4","1,792","±349","7.7%","±1.5","1,954","±299","9.5%","±1.5","2,031","±470","13.1%","±3.0","1,109","±258","8.4%","±1.9","1,394","±331","10.9%","±2.5","335","±172","9.3%","±4.8","234","±119","4.4%","±2.3","257","±136","5.4%","±2.8"
"        Public transportation","17,330","±1,325","0.9%","±0.1","23","±41","0.1%","±0.2","91","±94","1.2%","±1.2","232","±192","0.4%","±0.3","80","±81","0.9%","±0.9","0","±30","0.0%","±0.3","4","±5","0.0%","±0.1","0","±22","0.0%","±1.0","429","±236","0.7%","±0.4","1,015","±324","1.1%","±0.3","227","±175","0.2%","±0.2","0","±20","0.0%","±1.4","7","±11","0.3%","±0.5","0","±20","0.0%","±1.6","6","±10","0.2%","±0.3","0","±22","0.0%","±0.8","29","±33","0.3%","±0.3","2,102","±518","1.0%","±0.3","0","±20","0.0%","±2.2","0","±22","0.0%","±0.7","3","±6","0.0%","±0.1","30","±38","0.4%","±0.6","2","±4","0.0%","±0.1","60","±61","0.2%","±0.2","0","±26","0.0%","±0.4","14","±20","0.3%","±0.4","1,708","±380","0.9%","±0.2","17","±26","0.1%","±0.2","596","±378","0.5%","±0.3","197","±123","0.5%","±0.3","78","±108","1.3%","±1.8","0","±30","0.0%","±0.2","66","±70","0.1%","±0.1","2","±4","0.1%","±0.1","0","±26","0.0%","±0.5","32","±27","0.2%","±0.2","7,630","±806","4.5%","±0.5","563","±229","0.8%","±0.3","0","±26","0.0%","±0.4","18","±21","0.2%","±0.3","730","±308","1.4%","±0.6","6","±12","0.2%","±0.4","48","±53","0.7%","±0.7","23","±31","0.3%","±0.4","143","±108","0.8%","±0.6","129","±83","0.5%","±0.4","137","±159","3.8%","±4.5","0","±22","0.0%","±0.5","106","±127","0.6%","±0.8","113","±80","0.4%","±0.3","88","±96","0.4%","±0.4","0","±30","0.0%","±0.2","81","±74","0.1%","±0.1","133","±111","0.2%","±0.2","3","±4","0.3%","±0.4","93","±96","0.2%","±0.2","2","±7","0.0%","±0.1","116","±91","0.5%","±0.4","43","±36","0.2%","±0.2","28","±54","0.2%","±0.4","47","±48","0.4%","±0.4","0","±26","0.0%","±0.3","0","±20","0.0%","±1.2","0","±22","0.0%","±0.8","0","±22","0.0%","±0.9"
"        Walked","36,441","±2,135","1.8%","±0.1","415","±197","1.9%","±0.9","157","±110","2.0%","±1.4","518","±242","0.8%","±0.4","109","±79","1.3%","±0.9","319","±186","2.3%","±1.3","108","±53","0.7%","±0.4","71","±53","1.6%","±1.2","458","±192","0.8%","±0.3","893","±279","1.0%","±0.3","1,424","±361","1.6%","±0.4","10","±23","0.3%","±0.7","0","±20","0.0%","±2.1","67","±50","2.4%","±1.8","22","±29","0.6%","±0.7","155","±99","2.7%","±1.7","150","±99","1.4%","±1.0","3,844","±722","1.9%","±0.3","65","±54","3.2%","±2.7","20","±20","0.3%","±0.3","302","±302","2.7%","±2.7","78","±67","1.2%","±1.0","115","±70","1.4%","±0.8","527","±203","1.9%","±0.7","310","±168","2.6%","±1.4","87","±53","1.7%","±1.0","3,239","±584","1.6%","±0.3","139","±86","1.1%","±0.7","1,864","±491","1.6%","±0.4","712","±348","1.7%","±0.8","154","±134","2.5%","±2.2","527","±199","2.8%","±1.0","484","±217","0.7%","±0.3","65","±74","2.2%","±2.5","303","±182","3.4%","±2.0","348","±106","2.4%","±0.7","9,524","±898","5.7%","±0.5","1,020","±311","1.5%","±0.4","210","±126","2.0%","±1.2","150","±143","1.8%","±1.7","1,247","±464","2.3%","±0.9","3","±7","0.1%","±0.3","75","±82","1.0%","±1.1","94","±49","1.2%","±0.6","278","±125","1.5%","±0.7","169","±103","0.7%","±0.4","90","±112","2.5%","±3.1","123","±83","1.5%","±1.0","63","±77","0.4%","±0.5","524","±187","1.7%","±0.6","227","±146","1.0%","±0.6","273","±165","1.4%","±0.9","1,025","±321","0.8%","±0.3","743","±245","1.3%","±0.4","11","±14","1.1%","±1.5","319","±182","0.7%","±0.4","149","±90","1.9%","±1.1","702","±312","3.0%","±1.3","648","±152","3.1%","±0.7","148","±108","1.0%","±0.7","299","±166","2.3%","±1.2","93","±90","0.7%","±0.7","40","±31","1.1%","±0.9","0","±22","0.0%","±0.8","135","±94","2.8%","±1.9"
"        Other means","38,122","±1,831","1.9%","±0.1","365","±168","1.6%","±0.8","39","±47","0.5%","±0.6","296","±145","0.5%","±0.2","37","±50","0.4%","±0.6","522","±227","3.7%","±1.6","236","±108","1.6%","±0.7","31","±31","0.7%","±0.7","647","±328","1.1%","±0.6","2,170","±458","2.3%","±0.5","1,402","±375","1.5%","±0.4","102","±78","3.1%","±2.4","0","±20","0.0%","±2.1","60","±51","2.2%","±1.8","53","±47","1.4%","±1.2","57","±44","1.0%","±0.8","233","±112","2.2%","±1.1","2,386","±550","1.2%","±0.3","31","±33","1.5%","±1.7","33","±37","0.5%","±0.6","449","±227","4.0%","±2.0","340","±205","5.0%","±3.0","60","±60","0.7%","±0.8","685","±227","2.5%","±0.8","90","±82","0.8%","±0.7","30","±37","0.6%","±0.7","3,806","±678","1.9%","±0.3","216","±102","1.7%","±0.8","1,848","±413","1.6%","±0.3","821","±240","2.0%","±0.6","267","±158","4.4%","±2.6","103","±65","0.5%","±0.3","390","±154","0.6%","±0.2","57","±45","2.0%","±1.6","60","±66","0.7%","±0.8","220","±60","1.5%","±0.4","7,003","±691","4.2%","±0.4","826","±310","1.2%","±0.4","147","±76","1.4%","±0.7","235","±126","2.9%","±1.6","2,115","±550","3.9%","±1.0","23","±18","0.8%","±0.7","111","±94","1.5%","±1.3","293","±135","3.8%","±1.8","364","±132","2.0%","±0.7","590","±236","2.5%","±1.0","135","±114","3.7%","±3.1","53","±45","0.6%","±0.6","294","±164","1.8%","±1.0","481","±165","1.6%","±0.6","225","±129","1.0%","±0.6","146","±72","0.8%","±0.4","2,099","±435","1.7%","±0.3","1,109","±337","1.9%","±0.6","34","±29","3.5%","±2.8","933","±312","2.1%","±0.7","38","±41","0.5%","±0.5","349","±156","1.5%","±0.7","338","±115","1.6%","±0.6","1,367","±438","8.8%","±2.8","229","±110","1.7%","±0.8","186","±132","1.5%","±1.0","41","±42","1.1%","±1.2","28","±31","0.5%","±0.6","188","±126","3.9%","±2.6"
"        Worked from home","161,264","±3,571","8.1%","±0.2","1,278","±377","5.8%","±1.6","521","±275","6.8%","±3.6","5,687","±988","8.9%","±1.5","373","±141","4.3%","±1.6","768","±202","5.5%","±1.4","590","±154","4.0%","±1.1","302","±140","6.9%","±3.1","4,430","±612","7.6%","±1.0","6,093","±731","6.5%","±0.8","5,136","±894","5.6%","±1.0","213","±117","6.5%","±3.5","9","±10","0.4%","±0.5","365","±175","13.1%","±6.5","103","±48","2.6%","±1.3","228","±151","3.9%","±2.6","448","±179","4.3%","±1.7","17,624","±1,316","8.6%","±0.6","92","±76","4.6%","±3.8","495","±196","7.3%","±2.9","387","±137","3.4%","±1.2","440","±213","6.5%","±3.2","250","±118","3.1%","±1.5","1,724","±400","6.3%","±1.5","624","±276","5.3%","±2.3","280","±96","5.4%","±1.9","16,475","±1,187","8.2%","±0.6","532","±253","4.2%","±2.0","12,408","±1,188","10.4%","±0.9","1,958","±371","4.8%","±0.9","210","±103","3.5%","±1.8","2,200","±397","11.5%","±2.1","4,837","±740","7.2%","±1.1","92","±45","3.2%","±1.6","364","±167","4.1%","±1.8","530","±126","3.6%","±0.9","24,958","±1,308","14.9%","±0.7","5,708","±681","8.3%","±1.0","625","±190","5.9%","±1.9","264","±124","3.3%","±1.5","2,930","±425","5.5%","±0.8","89","±59","3.2%","±2.2","441","±186","6.1%","±2.5","307","±102","4.0%","±1.3","1,534","±322","8.3%","±1.7","1,825","±487","7.7%","±2.0","72","±59","2.0%","±1.6","448","±161","5.4%","±2.0","1,054","±292","6.4%","±1.7","2,188","±423","7.3%","±1.3","1,797","±365","8.1%","±1.6","1,037","±302","5.5%","±1.6","16,582","±1,280","13.2%","±1.0","4,168","±612","7.2%","±1.0","34","±25","3.5%","±2.7","1,514","±343","3.3%","±0.8","298","±116","3.8%","±1.5","1,238","±341","5.3%","±1.4","1,197","±361","5.8%","±1.8","660","±224","4.2%","±1.4","820","±272","6.2%","±2.0","564","±190","4.4%","±1.5","208","±122","5.8%","±3.3","400","±166","7.5%","±3.1","238","±118","5.0%","±2.5"
"        Mean travel time to work (minutes)","25.7","±0.2","(X)","(X)","29.4","±1.9","(X)","(X)","26.2","±2.1","(X)","(X)","30.2","±1.4","(X)","(X)","29.2","±2.2","(X)","(X)","36.3","±3.1","(X)","(X)","33.2","±3.5","(X)","(X)","29.6","±2.6","(X)","(X)","22.7","±0.9","(X)","(X)","20.4","±0.5","(X)","(X)","21.1","±0.8","(X)","(X)","29.1","±4.9","(X)","(X)","26.0","±5.3","(X)","(X)","27.4","±3.6","(X)","(X)","30.6","±3.5","(X)","(X)","21.1","±2.4","(X)","(X)","28.1","±2.1","(X)","(X)","23.6","±0.5","(X)","(X)","14.3","±2.8","(X)","(X)","34.9","±2.7","(X)","(X)","34.6","±3.2","(X)","(X)","27.4","±2.9","(X)","(X)","29.3","±4.1","(X)","(X)","25.3","±1.4","(X)","(X)","25.7","±3.2","(X)","(X)","23.9","±2.4","(X)","(X)","24.3","±0.4","(X)","(X)","34.1","±3.9","(X)","(X)","22.9","±0.6","(X)","(X)","27.1","±1.1","(X)","(X)","32.6","±4.4","(X)","(X)","19.2","±1.5","(X)","(X)","33.8","±1.2","(X)","(X)","17.2","±2.2","(X)","(X)","26.5","±1.8","(X)","(X)","22.5","±1.1","(X)","(X)","22.6","±0.4","(X)","(X)","22.1","±0.9","(X)","(X)","25.8","±1.7","(X)","(X)","26.3","±1.5","(X)","(X)","22.2","±1.0","(X)","(X)","28.8","±4.7","(X)","(X)","25.2","±2.3","(X)","(X)","33.1","±1.9","(X)","(X)","30.9","±1.6","(X)","(X)","26.0","±1.0","(X)","(X)","38.1","±3.7","(X)","(X)","28.3","±1.9","(X)","(X)","30.3","±2.1","(X)","(X)","29.8","±1.6","(X)","(X)","27.2","±1.3","(X)","(X)","23.2","±2.2","(X)","(X)","31.5","±0.7","(X)","(X)","29.6","±1.0","(X)","(X)","32.5","±5.4","(X)","(X)","24.0","±1.3","(X)","(X)","29.8","±2.7","(X)","(X)","30.0","±1.9","(X)","(X)","22.9","±1.2","(X)","(X)","32.6","±3.0","(X)","(X)","27.3","±2.1","(X)","(X)","25.0","±2.0","(X)","(X)","24.3","±2.3","(X)","(X)","35.3","±3.6","(X)","(X)","30.0","±5.5","(X)","(X)"
"OCCUPATION","","","","","","","","","","","","","","","","","","","","","","","","","","","","","","","","","","","","","","","","","","","","","","","","","","","","","","","","","","","","","","","","","","","","","","","","","","","","","","","","","","","","","","","","","","","","","","","","","","","","","","","","","","","","","","","","","","","","","","","","","","","","","","","","","","","","","","","","","","","","","","","","","","","","","","","","","","","","","","","","","","","","","","","","","","","","","","","","","","","","","","","","","","","","","","","","","","","","","","","","","","","","","","","","","","","","","","","","","","","","","","","","","","","","","","","","","","","","","","","","","","","","","","","","","","","","","","","","","","","",""
"    Civilian employed population 16 years and over","2,013,003","±8,340","2,013,003","(X)","22,417","±897","22,417","(X)","7,713","±582","7,713","(X)","65,022","±1,513","65,022","(X)","8,819","±484","8,819","(X)","14,085","±555","14,085","(X)","14,520","±578","14,520","(X)","4,427","±298","4,427","(X)","54,870","±1,365","54,870","(X)","94,372","±1,971","94,372","(X)","92,561","±2,113","92,561","(X)","3,378","±333","3,378","(X)","2,189","±181","2,189","(X)","2,809","±214","2,809","(X)","3,953","±346","3,953","(X)","5,919","±456","5,919","(X)","10,622","±526","10,622","(X)","210,299","±2,954","210,299","(X)","2,025","±295","2,025","(X)","6,820","±437","6,820","(X)","11,682","±593","11,682","(X)","6,976","±359","6,976","(X)","8,137","±485","8,137","(X)","27,890","±859","27,890","(X)","11,783","±679","11,783","(X)","5,222","±395","5,222","(X)","204,080","±2,171","204,080","(X)","12,977","±699","12,977","(X)","120,162","±2,118","120,162","(X)","41,868","±907","41,868","(X)","6,126","±463","6,126","(X)","19,506","±885","19,506","(X)","67,883","±1,450","67,883","(X)","3,008","±268","3,008","(X)","9,166","±550","9,166","(X)","14,685","±463","14,685","(X)","170,586","±2,412","170,586","(X)","69,274","±1,438","69,274","(X)","10,285","±497","10,285","(X)","8,471","±384","8,471","(X)","54,545","±1,279","54,545","(X)","2,804","±269","2,804","(X)","7,325","±442","7,325","(X)","7,755","±372","7,755","(X)","18,868","±820","18,868","(X)","24,165","±940","24,165","(X)","3,777","±442","3,777","(X)","8,618","±402","8,618","(X)","17,332","±815","17,332","(X)","30,720","±1,034","30,720","(X)","22,429","±609","22,429","(X)","19,135","±846","19,135","(X)","127,907","±1,847","127,907","(X)","59,676","±1,666","59,676","(X)","991","±146","991","(X)","46,338","±1,375","46,338","(X)","7,835","±510","7,835","(X)","23,884","±838","23,884","(X)","15,866","±503","15,866","(X)","16,006","±811","16,006","(X)","13,411","±649","13,411","(X)","12,942","±623","12,942","(X)","3,714","±264","3,714","(X)","5,515","±408","5,515","(X)","4,858","±411","4,858","(X)"
"        Management, business, science, and arts occupations","783,034","±8,428","38.9%","±0.4","6,230","±718","27.8%","±3.1","2,000","±350","25.9%","±3.7","26,064","±1,234","40.1%","±1.7","2,412","±351","27.4%","±3.9","4,299","±467","30.5%","±3.0","5,125","±556","35.3%","±3.3","1,039","±233","23.5%","±4.6","23,009","±1,232","41.9%","±2.0","36,264","±1,535","38.4%","±1.5","34,340","±1,727","37.1%","±1.8","1,077","±239","31.9%","±5.8","788","±200","36.0%","±8.6","1,015","±215","36.1%","±6.6","948","±170","24.0%","±4.4","1,883","±329","31.8%","±5.2","3,809","±507","35.9%","±3.9","92,967","±2,889","44.2%","±1.3","619","±249","30.6%","±9.9","2,395","±324","35.1%","±4.6","3,851","±445","33.0%","±3.3","2,145","±299","30.7%","±4.0","2,806","±418","34.5%","±4.0","8,307","±660","29.8%","±2.2","4,439","±487","37.7%","±3.9","1,627","±296","31.2%","±4.7","78,712","±2,299","38.6%","±1.0","3,595","±480","27.7%","±3.7","52,783","±2,537","43.9%","±1.8","15,161","±861","36.2%","±2.0","1,672","±326","27.3%","±5.3","8,113","±693","41.6%","±3.4","25,557","±1,455","37.6%","±1.9","947","±162","31.5%","±5.8","2,724","±326","29.7%","±3.2","5,315","±328","36.2%","±2.3","85,625","±2,014","50.2%","±1.1","27,989","±1,252","40.4%","±1.6","3,980","±412","38.7%","±3.9","3,088","±387","36.5%","±4.0","18,937","±1,136","34.7%","±1.9","728","±155","26.0%","±5.4","2,366","±388","32.3%","±4.8","2,271","±272","29.3%","±3.2","6,272","±706","33.2%","±2.9","9,257","±769","38.3%","±2.7","818","±249","21.7%","±6.2","2,989","±304","34.7%","±3.4","5,761","±613","33.2%","±3.4","8,345","±776","27.2%","±2.2","6,990","±591","31.2%","±2.4","4,721","±487","24.7%","±2.2","59,005","±1,882","46.1%","±1.4","20,136","±1,253","33.7%","±2.0","195","±65","19.7%","±6.5","15,713","±1,061","33.9%","±2.3","2,560","±384","32.7%","±3.9","7,676","±692","32.1%","±2.3","5,075","±474","32.0%","±2.7","5,127","±682","32.0%","±3.5","3,581","±455","26.7%","±3.1","5,318","±423","41.1%","±3.6","1,289","±192","34.7%","±4.8","2,057","±235","37.3%","±4.4","1,128","±224","23.2%","±4.6"
"        Service occupations","357,837","±5,527","17.8%","±0.3","4,538","±594","20.2%","±2.5","2,314","±437","30.0%","±5.2","9,207","±1,076","14.2%","±1.6","1,051","±288","11.9%","±3.1","3,672","±485","26.1%","±3.2","1,861","±299","12.8%","±2.0","1,024","±191","23.1%","±4.4","9,633","±999","17.6%","±1.7","19,550","±1,300","20.7%","±1.3","16,770","±1,318","18.1%","±1.3","377","±174","11.2%","±4.7","415","±138","19.0%","±6.4","506","±161","18.0%","±5.7","1,038","±289","26.3%","±5.9","1,345","±259","22.7%","±4.1","1,510","±238","14.2%","±2.3","37,052","±2,105","17.6%","±1.0","549","±147","27.1%","±7.0","1,166","±228","17.1%","±3.1","2,227","±425","19.1%","±3.4","1,491","±279","21.4%","±3.9","1,396","±233","17.2%","±2.8","5,135","±572","18.4%","±2.0","1,742","±337","14.8%","±2.8","876","±206","16.8%","±3.6","37,369","±1,666","18.3%","±0.8","2,753","±436","21.2%","±3.0","19,198","±1,170","16.0%","±1.0","7,176","±741","17.1%","±1.6","1,040","±242","17.0%","±4.0","3,661","±480","18.8%","±2.3","10,146","±1,117","14.9%","±1.6","884","±212","29.4%","±6.3","1,810","±295","19.7%","±3.0","2,522","±309","17.2%","±2.0","31,745","±1,257","18.6%","±0.7","12,252","±1,075","17.7%","±1.5","2,027","±425","19.7%","±3.9","1,455","±332","17.2%","±4.0","10,922","±857","20.0%","±1.4","673","±179","24.0%","±5.8","1,103","±258","15.1%","±3.3","1,217","±203","15.7%","±2.4","3,796","±497","20.1%","±2.5","3,669","±486","15.2%","±2.0","1,010","±254","26.7%","±7.0","1,282","±247","14.9%","±2.6","3,104","±523","17.9%","±3.1","6,897","±720","22.5%","±2.2","3,499","±517","15.6%","±2.3","3,436","±511","18.0%","±2.7","19,511","±1,168","15.3%","±0.9","11,971","±958","20.1%","±1.6","312","±85","31.5%","±7.1","6,719","±867","14.5%","±1.8","771","±194","9.8%","±2.4","3,951","±468","16.5%","±1.9","3,165","±382","19.9%","±2.3","3,285","±592","20.5%","±3.4","2,783","±372","20.8%","±2.5","1,644","±413","12.7%","±3.2","484","±141","13.0%","±3.8","1,187","±361","21.5%","±6.6","963","±210","19.8%","±4.5"
"        Sales and office occupations","401,432","±6,299","19.9%","±0.3","5,030","±645","22.4%","±2.5","1,152","±236","14.9%","±2.9","13,907","±1,378","21.4%","±2.0","2,171","±343","24.6%","±3.8","2,348","±343","16.7%","±2.3","2,514","±323","17.3%","±2.2","711","±205","16.1%","±4.7","11,052","±812","20.1%","±1.4","19,736","±1,240","20.9%","±1.2","18,775","±1,456","20.3%","±1.5","403","±147","11.9%","±4.6","300","±103","13.7%","±4.6","549","±148","19.5%","±5.1","813","±149","20.6%","±4.1","1,027","±235","17.4%","±3.8","2,040","±316","19.2%","±2.9","39,786","±2,050","18.9%","±0.9","471","±164","23.3%","±7.8","1,306","±289","19.1%","±3.8","1,994","±330","17.1%","±2.7","1,332","±274","19.1%","±3.8","1,210","±316","14.9%","±3.4","5,993","±653","21.5%","±2.2","2,228","±428","18.9%","±3.2","1,117","±205","21.4%","±3.8","41,393","±1,749","20.3%","±0.8","2,779","±446","21.4%","±3.0","26,617","±1,675","22.2%","±1.4","7,976","±700","19.1%","±1.6","1,217","±285","19.9%","±4.4","3,944","±611","20.2%","±2.8","12,612","±955","18.6%","±1.3","384","±106","12.8%","±3.3","1,472","±305","16.1%","±3.3","3,198","±319","21.8%","±1.9","30,967","±1,657","18.2%","±0.9","14,230","±1,048","20.5%","±1.5","1,645","±316","16.0%","±3.0","1,513","±295","17.9%","±3.4","12,207","±975","22.4%","±1.7","476","±123","17.0%","±4.1","1,722","±270","23.5%","±3.8","1,261","±187","16.3%","±2.4","4,041","±456","21.4%","±2.4","4,684","±592","19.4%","±2.2","634","±220","16.8%","±5.2","1,710","±321","19.8%","±3.4","3,445","±548","19.9%","±2.9","5,610","±594","18.3%","±1.9","4,999","±497","22.3%","±2.1","4,510","±551","23.6%","±2.6","26,298","±1,414","20.6%","±1.0","10,721","±1,056","18.0%","±1.6","289","±96","29.2%","±7.8","9,750","±1,000","21.0%","±1.9","1,788","±300","22.8%","±3.6","5,037","±564","21.1%","±2.3","3,072","±321","19.4%","±2.0","3,427","±556","21.4%","±3.4","2,867","±365","21.4%","±2.6","2,815","±499","21.8%","±3.4","678","±192","18.3%","±5.1","577","±189","10.5%","±3.1","902","±243","18.6%","±4.8"
"        Natural resources, construction, and maintenance occupations","214,586","±3,829","10.7%","±0.2","3,455","±528","15.4%","±2.3","1,150","±268","14.9%","±3.5","7,048","±675","10.8%","±1.1","1,610","±277","18.3%","±3.0","2,278","±365","16.2%","±2.6","2,427","±340","16.7%","±2.3","745","±167","16.8%","±3.5","5,119","±547","9.3%","±1.0","6,425","±846","6.8%","±0.9","10,711","±1,104","11.6%","±1.1","781","±230","23.1%","±6.4","228","±110","10.4%","±5.1","304","±127","10.8%","±4.4","518","±149","13.1%","±3.7","987","±266","16.7%","±4.3","1,448","±270","13.6%","±2.4","15,777","±1,405","7.5%","±0.7","198","±132","9.8%","±6.1","1,141","±218","16.7%","±3.0","1,779","±327","15.2%","±2.9","1,193","±242","17.1%","±3.5","1,372","±247","16.9%","±3.2","3,909","±569","14.0%","±2.0","1,671","±359","14.2%","±2.8","716","±180","13.7%","±3.5","23,540","±1,247","11.5%","±0.6","2,228","±451","17.2%","±3.4","10,139","±997","8.4%","±0.8","5,187","±498","12.4%","±1.2","1,166","±238","19.0%","±3.9","1,899","±288","9.7%","±1.5","10,384","±961","15.3%","±1.4","310","±108","10.3%","±3.4","1,202","±231","13.1%","±2.4","1,289","±197","8.8%","±1.3","8,992","±889","5.3%","±0.5","6,173","±686","8.9%","±1.0","1,387","±285","13.5%","±2.6","1,107","±231","13.1%","±2.7","5,496","±628","10.1%","±1.1","450","±136","16.0%","±4.4","1,061","±252","14.5%","±3.3","1,501","±182","19.4%","±2.4","2,509","±318","13.3%","±1.7","2,707","±395","11.2%","±1.6","636","±174","16.8%","±3.9","798","±205","9.3%","±2.4","2,263","±385","13.1%","±2.1","4,278","±629","13.9%","±2.0","3,367","±423","15.0%","±1.8","2,454","±401","12.8%","±2.1","11,043","±1,049","8.6%","±0.8","6,533","±967","10.9%","±1.6","91","±48","9.2%","±4.7","6,968","±866","15.0%","±1.9","1,212","±260","15.5%","±3.3","3,774","±459","15.8%","±1.9","2,447","±249","15.4%","±1.5","1,833","±344","11.5%","±2.2","1,742","±246","13.0%","±1.6","998","±294","7.7%","±2.3","885","±242","23.8%","±6.1","807","±295","14.6%","±5.2","740","±227","15.2%","±4.4"
"        Production, transportation, and material moving occupations","256,114","±4,346","12.7%","±0.2","3,164","±435","14.1%","±2.0","1,097","±274","14.2%","±3.4","8,796","±821","13.5%","±1.2","1,575","±267","17.9%","±2.6","1,488","±298","10.6%","±2.1","2,593","±369","17.9%","±2.5","908","±185","20.5%","±3.9","6,057","±660","11.0%","±1.2","12,397","±858","13.1%","±0.9","11,965","±1,005","12.9%","±1.1","740","±234","21.9%","±6.8","458","±173","20.9%","±7.3","435","±132","15.5%","±4.7","636","±217","16.1%","±5.1","677","±222","11.4%","±3.4","1,815","±258","17.1%","±2.5","24,717","±1,607","11.8%","±0.7","188","±106","9.3%","±5.2","812","±206","11.9%","±2.9","1,831","±307","15.7%","±2.4","815","±244","11.7%","±3.3","1,353","±277","16.6%","±3.7","4,546","±595","16.3%","±2.1","1,703","±314","14.5%","±2.8","886","±204","17.0%","±3.8","23,066","±1,284","11.3%","±0.6","1,622","±284","12.5%","±2.1","11,425","±1,036","9.5%","±0.8","6,368","±557","15.2%","±1.3","1,031","±381","16.8%","±5.6","1,889","±434","9.7%","±2.1","9,184","±944","13.5%","±1.4","483","±177","16.1%","±5.4","1,958","±384","21.4%","±3.7","2,361","±297","16.1%","±1.9","13,257","±909","7.8%","±0.5","8,630","±891","12.5%","±1.2","1,246","±278","12.1%","±2.7","1,308","±326","15.4%","±3.8","6,983","±647","12.8%","±1.2","477","±126","17.0%","±4.3","1,073","±281","14.6%","±3.7","1,505","±249","19.4%","±2.9","2,250","±361","11.9%","±2.0","3,848","±578","15.9%","±2.4","679","±238","18.0%","±5.6","1,839","±274","21.3%","±3.1","2,759","±485","15.9%","±2.5","5,590","±699","18.2%","±2.3","3,574","±492","15.9%","±2.2","4,014","±507","21.0%","±2.4","12,050","±1,030","9.4%","±0.8","10,315","±1,024","17.3%","±1.6","104","±39","10.5%","±3.7","7,188","±762","15.5%","±1.6","1,504","±254","19.2%","±3.1","3,446","±511","14.4%","±2.1","2,107","±217","13.3%","±1.4","2,334","±456","14.6%","±2.9","2,438","±349","18.2%","±2.5","2,167","±427","16.7%","±3.0","378","±156","10.2%","±4.0","887","±276","16.1%","±4.5","1,125","±350","23.2%","±6.2"
"INDUSTRY","","","","","","","","","","","","","","","","","","","","","","","","","","","","","","","","","","","","","","","","","","","","","","","","","","","","","","","","","","","","","","","","","","","","","","","","","","","","","","","","","","","","","","","","","","","","","","","","","","","","","","","","","","","","","","","","","","","","","","","","","","","","","","","","","","","","","","","","","","","","","","","","","","","","","","","","","","","","","","","","","","","","","","","","","","","","","","","","","","","","","","","","","","","","","","","","","","","","","","","","","","","","","","","","","","","","","","","","","","","","","","","","","","","","","","","","","","","","","","","","","","","","","","","","","","","","","","","","","","","",""
"    Civilian employed population 16 years and over","2,013,003","±8,340","2,013,003","(X)","22,417","±897","22,417","(X)","7,713","±582","7,713","(X)","65,022","±1,513","65,022","(X)","8,819","±484","8,819","(X)","14,085","±555","14,085","(X)","14,520","±578","14,520","(X)","4,427","±298","4,427","(X)","54,870","±1,365","54,870","(X)","94,372","±1,971","94,372","(X)","92,561","±2,113","92,561","(X)","3,378","±333","3,378","(X)","2,189","±181","2,189","(X)","2,809","±214","2,809","(X)","3,953","±346","3,953","(X)","5,919","±456","5,919","(X)","10,622","±526","10,622","(X)","210,299","±2,954","210,299","(X)","2,025","±295","2,025","(X)","6,820","±437","6,820","(X)","11,682","±593","11,682","(X)","6,976","±359","6,976","(X)","8,137","±485","8,137","(X)","27,890","±859","27,890","(X)","11,783","±679","11,783","(X)","5,222","±395","5,222","(X)","204,080","±2,171","204,080","(X)","12,977","±699","12,977","(X)","120,162","±2,118","120,162","(X)","41,868","±907","41,868","(X)","6,126","±463","6,126","(X)","19,506","±885","19,506","(X)","67,883","±1,450","67,883","(X)","3,008","±268","3,008","(X)","9,166","±550","9,166","(X)","14,685","±463","14,685","(X)","170,586","±2,412","170,586","(X)","69,274","±1,438","69,274","(X)","10,285","±497","10,285","(X)","8,471","±384","8,471","(X)","54,545","±1,279","54,545","(X)","2,804","±269","2,804","(X)","7,325","±442","7,325","(X)","7,755","±372","7,755","(X)","18,868","±820","18,868","(X)","24,165","±940","24,165","(X)","3,777","±442","3,777","(X)","8,618","±402","8,618","(X)","17,332","±815","17,332","(X)","30,720","±1,034","30,720","(X)","22,429","±609","22,429","(X)","19,135","±846","19,135","(X)","127,907","±1,847","127,907","(X)","59,676","±1,666","59,676","(X)","991","±146","991","(X)","46,338","±1,375","46,338","(X)","7,835","±510","7,835","(X)","23,884","±838","23,884","(X)","15,866","±503","15,866","(X)","16,006","±811","16,006","(X)","13,411","±649","13,411","(X)","12,942","±623","12,942","(X)","3,714","±264","3,714","(X)","5,515","±408","5,515","(X)","4,858","±411","4,858","(X)"
"        Agriculture, forestry, fishing and hunting, and mining","61,894","±2,440","3.1%","±0.1","1,613","±359","7.2%","±1.6","182","±92","2.4%","±1.2","797","±288","1.2%","±0.4","317","±152","3.6%","±1.8","780","±237","5.5%","±1.7","606","±197","4.2%","±1.4","317","±122","7.2%","±2.7","1,474","±326","2.7%","±0.6","2,328","±504","2.5%","±0.5","1,591","±483","1.7%","±0.5","252","±116","7.5%","±3.3","68","±45","3.1%","±2.1","489","±127","17.4%","±4.2","405","±146","10.2%","±3.6","430","±180","7.3%","±3.0","801","±209","7.5%","±1.9","1,674","±462","0.8%","±0.2","232","±151","11.5%","±6.9","160","±111","2.3%","±1.6","1,008","±261","8.6%","±2.2","666","±175","9.5%","±2.5","327","±131","4.0%","±1.6","3,074","±505","11.0%","±1.8","239","±133","2.0%","±1.1","279","±123","5.3%","±2.4","1,871","±366","0.9%","±0.2","1,140","±287","8.8%","±2.2","6,344","±838","5.3%","±0.7","2,576","±480","6.2%","±1.1","955","±259","15.6%","±3.9","828","±277","4.2%","±1.4","909","±408","1.3%","±0.6","251","±81","8.3%","±2.7","304","±146","3.3%","±1.6","625","±123","4.3%","±0.8","1,090","±267","0.6%","±0.2","783","±256","1.1%","±0.4","649","±215","6.3%","±2.0","323","±109","3.8%","±1.3","1,187","±285","2.2%","±0.5","293","±119","10.4%","±4.0","498","±142","6.8%","±1.9","1,015","±226","13.1%","±2.8","269","±105","1.4%","±0.5","361","±160","1.5%","±0.6","196","±128","5.2%","±3.2","81","±56","0.9%","±0.7","89","±82","0.5%","±0.5","1,636","±333","5.3%","±1.1","1,481","±317","6.6%","±1.4","1,734","±349","9.1%","±1.7","2,654","±597","2.1%","±0.5","1,156","±366","1.9%","±0.6","89","±45","9.0%","±4.5","3,967","±624","8.6%","±1.3","630","±229","8.0%","±2.7","3,061","±492","12.8%","±2.0","539","±148","3.4%","±1.0","549","±234","3.4%","±1.5","712","±192","5.3%","±1.5","139","±103","1.1%","±0.8","382","±140","10.3%","±3.9","91","±82","1.7%","±1.5","328","±141","6.8%","±2.8"
"        Construction","168,490","±3,624","8.4%","±0.2","1,934","±407","8.6%","±1.8","735","±250","9.5%","±3.2","6,572","±682","10.1%","±1.1","1,517","±275","17.2%","±3.0","1,640","±343","11.6%","±2.4","1,525","±274","10.5%","±1.8","370","±111","8.4%","±2.6","4,182","±456","7.6%","±0.8","4,721","±617","5.0%","±0.6","9,436","±990","10.2%","±1.0","501","±197","14.8%","±5.8","329","±147","15.0%","±6.6","148","±79","5.3%","±2.7","164","±64","4.1%","±1.6","551","±200","9.3%","±3.3","818","±211","7.7%","±1.9","15,161","±1,361","7.2%","±0.6","84","±74","4.1%","±3.7","793","±197","11.6%","±2.9","1,201","±282","10.3%","±2.3","554","±156","7.9%","±2.2","672","±172","8.3%","±2.1","2,073","±433","7.4%","±1.5","1,302","±304","11.0%","±2.5","374","±141","7.2%","±2.7","20,547","±1,335","10.1%","±0.6","1,176","±320","9.1%","±2.5","8,593","±1,072","7.2%","±0.9","4,019","±537","9.6%","±1.3","268","±180","4.4%","±2.9","1,480","±296","7.6%","±1.6","9,528","±949","14.0%","±1.4","154","±83","5.1%","±2.7","862","±234","9.4%","±2.4","704","±138","4.8%","±0.9","7,946","±899","4.7%","±0.5","4,665","±601","6.7%","±0.9","767","±181","7.5%","±1.7","849","±248","10.0%","±2.9","3,764","±462","6.9%","±0.8","154","±94","5.5%","±3.3","659","±224","9.0%","±2.9","744","±201","9.6%","±2.5","1,932","±265","10.2%","±1.5","2,318","±490","9.6%","±1.9","363","±150","9.6%","±4.1","599","±196","7.0%","±2.3","2,097","±401","12.1%","±2.1","3,056","±462","9.9%","±1.5","2,344","±374","10.5%","±1.7","1,992","±323","10.4%","±1.7","10,399","±1,028","8.1%","±0.8","5,576","±929","9.3%","±1.5","47","±37","4.7%","±3.8","4,382","±636","9.5%","±1.3","748","±191","9.5%","±2.5","1,832","±420","7.7%","±1.7","1,484","±208","9.4%","±1.2","1,432","±330","8.9%","±2.1","1,204","±240","9.0%","±1.7","885","±306","6.8%","±2.3","588","±203","15.8%","±5.2","517","±210","9.4%","±3.9","459","±202","9.4%","±4.1"
"        Manufacturing","151,330","±3,495","7.5%","±0.2","1,594","±258","7.1%","±1.2","923","±259","12.0%","±3.3","8,648","±887","13.3%","±1.3","1,249","±286","14.2%","±3.2","793","±252","5.6%","±1.8","1,971","±355","13.6%","±2.2","635","±184","14.3%","±4.0","3,547","±563","6.5%","±1.0","4,832","±601","5.1%","±0.6","9,990","±933","10.8%","±1.0","398","±162","11.8%","±4.8","216","±147","9.9%","±6.6","173","±86","6.2%","±3.1","455","±194","11.5%","±4.6","369","±138","6.2%","±2.2","1,060","±222","10.0%","±2.2","15,690","±1,499","7.5%","±0.7","110","±81","5.4%","±4.0","499","±159","7.3%","±2.2","963","±223","8.2%","±1.8","337","±148","4.8%","±2.1","946","±253","11.6%","±3.1","2,624","±412","9.4%","±1.4","1,231","±267","10.4%","±2.3","730","±204","14.0%","±3.5","12,044","±1,002","5.9%","±0.5","1,009","±347","7.8%","±2.5","6,939","±940","5.8%","±0.8","3,323","±526","7.9%","±1.2","928","±354","15.1%","±5.8","1,042","±260","5.3%","±1.3","6,218","±653","9.2%","±1.0","319","±160","10.6%","±5.1","1,233","±304","13.5%","±3.2","1,540","±229","10.5%","±1.5","6,184","±582","3.6%","±0.3","5,158","±749","7.4%","±1.1","953","±279","9.3%","±2.8","915","±222","10.8%","±2.5","2,795","±406","5.1%","±0.7","293","±139","10.4%","±5.1","634","±198","8.7%","±2.7","715","±175","9.2%","±2.2","1,560","±284","8.3%","±1.4","2,767","±474","11.5%","±2.0","372","±168","9.8%","±4.2","1,873","±252","21.7%","±2.9","1,701","±386","9.8%","±2.2","2,354","±384","7.7%","±1.3","1,986","±371","8.9%","±1.7","1,849","±307","9.7%","±1.7","7,296","±792","5.7%","±0.6","4,342","±712","7.3%","±1.2","24","±25","2.4%","±2.5","3,609","±521","7.8%","±1.1","986","±284","12.6%","±3.5","1,287","±311","5.4%","±1.3","877","±191","5.5%","±1.2","1,428","±341","8.9%","±2.1","891","±219","6.6%","±1.6","2,373","±496","18.3%","±3.5","114","±61","3.1%","±1.6","755","±270","13.7%","±4.7","661","±325","13.6%","±6.3"
"        Wholesale trade","45,008","±2,348","2.2%","±0.1","354","±140","1.6%","±0.6","169","±104","2.2%","±1.3","1,970","±599","3.0%","±0.9","82","±66","0.9%","±0.7","310","±152","2.2%","±1.1","121","±70","0.8%","±0.5","18","±21","0.4%","±0.5","1,058","±236","1.9%","±0.4","2,451","±460","2.6%","±0.5","1,391","±386","1.5%","±0.4","42","±40","1.2%","±1.2","15","±18","0.7%","±0.8","31","±30","1.1%","±1.1","36","±35","0.9%","±0.9","180","±87","3.0%","±1.5","216","±96","2.0%","±0.9","4,573","±970","2.2%","±0.5","96","±77","4.7%","±3.9","29","±27","0.4%","±0.4","273","±172","2.3%","±1.5","113","±67","1.6%","±1.0","33","±40","0.4%","±0.5","402","±225","1.4%","±0.8","56","±51","0.5%","±0.4","51","±47","1.0%","±0.9","5,702","±707","2.8%","±0.3","358","±201","2.8%","±1.6","4,145","±901","3.4%","±0.7","771","±246","1.8%","±0.6","92","±74","1.5%","±1.2","208","±153","1.1%","±0.8","1,452","±375","2.1%","±0.5","68","±58","2.3%","±1.9","109","±51","1.2%","±0.6","128","±44","0.9%","±0.3","2,753","±484","1.6%","±0.3","1,839","±494","2.7%","±0.7","91","±62","0.9%","±0.6","296","±183","3.5%","±2.2","1,511","±357","2.8%","±0.7","22","±22","0.8%","±0.8","396","±181","5.4%","±2.4","33","±25","0.4%","±0.3","464","±189","2.5%","±1.0","830","±295","3.4%","±1.2","43","±44","1.1%","±1.1","190","±102","2.2%","±1.2","307","±140","1.8%","±0.8","366","±133","1.2%","±0.4","830","±263","3.7%","±1.2","466","±202","2.4%","±1.0","4,138","±650","3.2%","±0.5","1,081","±334","1.8%","±0.6","56","±51","5.7%","±4.9","801","±221","1.7%","±0.5","65","±58","0.8%","±0.7","347","±123","1.5%","±0.5","189","±89","1.2%","±0.6","113","±82","0.7%","±0.5","257","±144","1.9%","±1.1","209","±127","1.6%","±1.0","98","±72","2.6%","±1.9","41","±56","0.7%","±1.0","73","±62","1.5%","±1.3"
"        Retail trade","222,955","±4,391","11.1%","±0.2","2,539","±397","11.3%","±1.8","483","±173","6.3%","±2.1","6,579","±1,051","10.1%","±1.6","1,105","±304","12.5%","±3.4","1,448","±262","10.3%","±1.9","1,898","±349","13.1%","±2.4","540","±176","12.2%","±4.0","6,771","±821","12.3%","±1.5","11,383","±993","12.1%","±1.0","10,517","±1,046","11.4%","±1.1","274","±118","8.1%","±3.6","215","±138","9.8%","±6.5","343","±136","12.2%","±4.7","379","±124","9.6%","±3.3","454","±162","7.7%","±2.6","1,135","±282","10.7%","±2.6","22,055","±1,469","10.5%","±0.7","149","±126","7.4%","±6.0","864","±239","12.7%","±3.3","1,404","±265","12.0%","±2.2","690","±209","9.9%","±3.0","704","±172","8.7%","±2.2","3,275","±560","11.7%","±1.9","1,171","±276","9.9%","±2.2","696","±172","13.3%","±3.2","21,748","±1,468","10.7%","±0.7","1,637","±404","12.6%","±2.9","13,563","±1,197","11.3%","±1.0","4,599","±570","11.0%","±1.4","677","±291","11.1%","±4.6","2,447","±552","12.5%","±2.6","7,089","±783","10.4%","±1.2","347","±136","11.5%","±4.3","858","±205","9.4%","±2.2","1,962","±290","13.4%","±2.0","15,072","±1,068","8.8%","±0.6","7,668","±753","11.1%","±1.0","580","±184","5.6%","±1.8","791","±291","9.3%","±3.4","7,253","±772","13.3%","±1.4","269","±94","9.6%","±3.5","895","±202","12.2%","±2.6","802","±161","10.3%","±2.0","2,416","±364","12.8%","±1.9","2,000","±355","8.3%","±1.5","186","±130","4.9%","±3.4","1,055","±236","12.2%","±2.6","2,066","±449","11.9%","±2.5","3,963","±507","12.9%","±1.6","2,875","±460","12.8%","±2.0","2,733","±546","14.3%","±2.7","12,908","±992","10.1%","±0.8","7,456","±969","12.5%","±1.6","154","±65","15.5%","±5.9","6,787","±808","14.6%","±1.6","1,230","±280","15.7%","±3.5","3,435","±405","14.4%","±1.8","1,940","±248","12.2%","±1.5","2,207","±456","13.8%","±2.9","1,904","±320","14.2%","±2.2","1,079","±315","8.3%","±2.3","460","±151","12.4%","±4.2","327","±138","5.9%","±2.4","446","±162","9.2%","±3.3"
"        Transportation and warehousing, and utilities","118,385","±3,354","5.9%","±0.2","1,194","±225","5.3%","±1.0","365","±169","4.7%","±2.2","3,137","±720","4.8%","±1.1","641","±255","7.3%","±2.7","467","±146","3.3%","±1.0","885","±238","6.1%","±1.7","236","±81","5.3%","±1.8","3,083","±488","5.6%","±0.9","5,906","±719","6.3%","±0.7","5,292","±753","5.7%","±0.8","191","±128","5.7%","±3.6","140","±83","6.4%","±3.7","128","±81","4.6%","±2.9","253","±100","6.4%","±2.5","432","±171","7.3%","±2.8","807","±165","7.6%","±1.5","9,972","±1,132","4.7%","±0.5","20","±27","1.0%","±1.3","486","±173","7.1%","±2.4","970","±281","8.3%","±2.3","323","±182","4.6%","±2.5","609","±196","7.5%","±2.5","1,612","±358","5.8%","±1.2","641","±225","5.4%","±1.9","379","±117","7.3%","±2.3","13,449","±1,168","6.6%","±0.6","805","±220","6.2%","±1.7","4,936","±609","4.1%","±0.5","2,618","±377","6.3%","±0.9","236","±130","3.9%","±2.1","757","±234","3.9%","±1.2","3,588","±660","5.3%","±0.9","170","±77","5.7%","±2.6","529","±255","5.8%","±2.7","718","±165","4.9%","±1.1","10,378","±1,025","6.1%","±0.6","3,590","±526","5.2%","±0.7","846","±240","8.2%","±2.4","757","±256","8.9%","±2.9","2,938","±553","5.4%","±1.0","148","±85","5.3%","±3.0","336","±132","4.6%","±1.7","568","±125","7.3%","±1.6","1,385","±274","7.3%","±1.5","2,035","±455","8.4%","±2.0","293","±115","7.8%","±2.9","542","±176","6.3%","±2.0","1,220","±382","7.0%","±2.1","1,996","±335","6.5%","±1.1","1,437","±272","6.4%","±1.2","1,021","±274","5.3%","±1.4","8,244","±1,064","6.4%","±0.8","5,081","±932","8.5%","±1.5","54","±45","5.4%","±4.6","2,893","±464","6.2%","±1.0","444","±185","5.7%","±2.3","1,379","±377","5.8%","±1.6","825","±174","5.2%","±1.1","990","±328","6.2%","±2.0","793","±181","5.9%","±1.4","854","±307","6.6%","±2.4","180","±99","4.8%","±2.6","534","±179","9.7%","±3.2","649","±275","13.4%","±5.4"
"        Information","26,670","±1,659","1.3%","±0.1","205","±101","0.9%","±0.4","151","±129","2.0%","±1.7","1,095","±482","1.7%","±0.7","117","±120","1.3%","±1.3","141","±111","1.0%","±0.8","147","±77","1.0%","±0.5","34","±36","0.8%","±0.8","840","±307","1.5%","±0.6","1,069","±300","1.1%","±0.3","801","±241","0.9%","±0.3","27","±29","0.8%","±0.9","5","±8","0.2%","±0.3","17","±23","0.6%","±0.8","40","±49","1.0%","±1.2","11","±18","0.2%","±0.3","9","±14","0.1%","±0.1","4,149","±737","2.0%","±0.3","0","±20","0.0%","±2.2","28","±30","0.4%","±0.4","64","±47","0.5%","±0.4","56","±58","0.8%","±0.8","57","±48","0.7%","±0.6","202","±119","0.7%","±0.4","255","±134","2.2%","±1.1","26","±32","0.5%","±0.6","2,304","±389","1.1%","±0.2","85","±59","0.7%","±0.4","1,805","±504","1.5%","±0.4","303","±144","0.7%","±0.3","24","±42","0.4%","±0.7","278","±175","1.4%","±0.9","715","±235","1.1%","±0.3","23","±33","0.8%","±1.1","35","±30","0.4%","±0.3","127","±38","0.9%","±0.3","3,999","±586","2.3%","±0.3","1,721","±367","2.5%","±0.5","118","±107","1.1%","±1.0","13","±18","0.2%","±0.2","384","±160","0.7%","±0.3","26","±28","0.9%","±1.0","47","±40","0.6%","±0.5","36","±36","0.5%","±0.5","134","±80","0.7%","±0.4","210","±140","0.9%","±0.6","5","±19","0.1%","±0.5","12","±18","0.1%","±0.2","16","±18","0.1%","±0.1","344","±140","1.1%","±0.5","169","±107","0.8%","±0.5","137","±67","0.7%","±0.4","2,014","±491","1.6%","±0.4","756","±350","1.3%","±0.6","14","±17","1.4%","±1.7","189","±84","0.4%","±0.2","111","±65","1.4%","±0.8","255","±130","1.1%","±0.5","248","±88","1.6%","±0.6","87","±96","0.5%","±0.6","56","±46","0.4%","±0.3","71","±81","0.5%","±0.6","89","±77","2.4%","±2.0","145","±197","2.6%","±3.5","19","±22","0.4%","±0.5"
"        Finance and insurance, and real estate and rental and leasing","104,323","±3,590","5.2%","±0.2","1,344","±373","6.0%","±1.6","155","±95","2.0%","±1.2","3,581","±696","5.5%","±1.1","246","±139","2.8%","±1.6","569","±175","4.0%","±1.2","421","±174","2.9%","±1.2","136","±73","3.1%","±1.6","2,645","±494","4.8%","±0.9","5,282","±665","5.6%","±0.7","4,605","±720","5.0%","±0.8","69","±50","2.0%","±1.4","79","±60","3.6%","±2.7","65","±42","2.3%","±1.5","270","±206","6.8%","±4.9","364","±139","6.1%","±2.2","776","±276","7.3%","±2.6","12,182","±1,116","5.8%","±0.5","83","±63","4.1%","±3.1","243","±108","3.6%","±1.6","267","±123","2.3%","±1.1","399","±160","5.7%","±2.3","266","±99","3.3%","±1.2","1,290","±281","4.6%","±1.0","654","±251","5.6%","±2.1","210","±94","4.0%","±1.7","11,636","±941","5.7%","±0.5","273","±131","2.1%","±1.0","7,325","±893","6.1%","±0.7","1,856","±373","4.4%","±0.9","171","±113","2.8%","±1.8","1,134","±274","5.8%","±1.4","4,092","±727","6.0%","±1.1","50","±37","1.7%","±1.2","517","±205","5.6%","±2.2","722","±116","4.9%","±0.8","8,940","±672","5.2%","±0.4","4,378","±672","6.3%","±0.9","315","±140","3.1%","±1.4","300","±126","3.5%","±1.4","2,168","±406","4.0%","±0.7","42","±29","1.5%","±1.1","470","±161","6.4%","±2.1","374","±148","4.8%","±2.0","880","±261","4.7%","±1.3","1,224","±288","5.1%","±1.2","209","±140","5.5%","±3.7","373","±187","4.3%","±2.2","694","±235","4.0%","±1.3","1,033","±309","3.4%","±1.0","672","±196","3.0%","±0.9","566","±176","3.0%","±0.9","9,270","±980","7.2%","±0.7","2,363","±517","4.0%","±0.9","34","±32","3.4%","±3.2","1,939","±363","4.2%","±0.8","517","±198","6.6%","±2.5","718","±210","3.0%","±0.9","704","±142","4.4%","±0.9","673","±344","4.2%","±2.1","530","±180","4.0%","±1.3","439","±185","3.4%","±1.4","151","±80","4.1%","±2.2","120","±102","2.2%","±1.8","250","±150","5.1%","±3.0"
"        Professional, scientific, and management, and administrative and waste management services","197,737","±3,724","9.8%","±0.2","1,825","±338","8.1%","±1.4","391","±205","5.1%","±2.6","5,694","±628","8.8%","±0.9","632","±220","7.2%","±2.4","973","±261","6.9%","±1.8","1,175","±227","8.1%","±1.5","208","±110","4.7%","±2.5","5,166","±681","9.4%","±1.2","9,439","±956","10.0%","±1.0","7,211","±818","7.8%","±0.9","199","±106","5.9%","±3.0","287","±153","13.1%","±6.8","236","±112","8.4%","±4.0","222","±149","5.6%","±3.7","550","±242","9.3%","±4.1","598","±205","5.6%","±1.9","22,302","±1,459","10.6%","±0.7","92","±86","4.5%","±4.0","568","±203","8.3%","±2.9","489","±147","4.2%","±1.2","460","±144","6.6%","±2.1","590","±174","7.3%","±2.1","2,217","±416","7.9%","±1.5","1,133","±300","9.6%","±2.5","397","±151","7.6%","±2.9","24,021","±1,403","11.8%","±0.7","978","±304","7.5%","±2.3","14,573","±1,070","12.1%","±0.9","3,925","±618","9.4%","±1.5","407","±198","6.6%","±3.2","1,534","±354","7.9%","±1.8","6,539","±795","9.6%","±1.1","211","±90","7.0%","±3.0","618","±198","6.7%","±2.0","1,051","±220","7.2%","±1.5","24,308","±1,220","14.2%","±0.7","6,052","±596","8.7%","±0.9","1,370","±326","13.3%","±3.0","633","±183","7.5%","±2.2","4,318","±579","7.9%","±1.1","223","±140","8.0%","±4.9","348","±138","4.8%","±1.8","552","±159","7.1%","±2.0","2,070","±373","11.0%","±1.9","2,071","±361","8.6%","±1.4","307","±166","8.1%","±4.2","857","±183","9.9%","±2.0","1,291","±328","7.4%","±1.9","1,959","±311","6.4%","±1.0","1,707","±300","7.6%","±1.3","1,089","±270","5.7%","±1.4","14,406","±1,110","11.3%","±0.9","4,753","±735","8.0%","±1.3","102","±61","10.3%","±6.2","3,568","±604","7.7%","±1.3","900","±257","11.5%","±3.1","2,001","±390","8.4%","±1.6","1,668","±183","10.5%","±1.1","1,342","±374","8.4%","±2.1","901","±220","6.7%","±1.6","1,157","±349","8.9%","±2.7","339","±154","9.1%","±4.0","304","±112","5.5%","±2.0","230","±99","4.7%","±2.0"
"        Educational services, and health care and social assistance","513,931","±5,935","25.5%","±0.3","5,530","±576","24.7%","±2.4","1,976","±333","25.6%","±3.4","14,436","±997","22.2%","±1.5","2,040","±301","23.1%","±3.5","3,842","±411","27.3%","±2.5","3,116","±433","21.5%","±2.9","1,091","±259","24.6%","±5.5","14,241","±1,032","26.0%","±1.7","26,902","±1,256","28.5%","±1.3","23,671","±1,611","25.6%","±1.5","731","±199","21.6%","±5.4","390","±144","17.8%","±6.4","693","±170","24.7%","±5.3","995","±166","25.2%","±4.1","1,464","±258","24.7%","±4.2","2,474","±356","23.3%","±2.9","55,329","±2,227","26.3%","±1.0","577","±191","28.5%","±7.7","1,581","±277","23.2%","±3.7","3,181","±418","27.2%","±3.2","2,118","±292","30.4%","±3.8","2,051","±247","25.2%","±2.7","5,948","±570","21.3%","±1.9","2,521","±509","21.4%","±4.1","1,217","±222","23.3%","±3.8","46,753","±1,852","22.9%","±0.9","3,073","±390","23.7%","±2.8","30,612","±1,654","25.5%","±1.3","10,167","±766","24.3%","±1.7","1,405","±290","22.9%","±4.4","6,739","±522","34.5%","±2.6","14,488","±1,059","21.3%","±1.5","895","±162","29.8%","±4.8","2,599","±300","28.4%","±3.2","4,514","±344","30.7%","±2.3","49,671","±1,561","29.1%","±0.9","20,632","±1,444","29.8%","±2.0","2,275","±346","22.1%","±3.2","2,060","±290","24.3%","±3.3","16,447","±1,229","30.2%","±2.1","785","±165","28.0%","±4.9","1,833","±250","25.0%","±3.5","1,726","±207","22.3%","±2.7","3,951","±461","20.9%","±2.2","6,067","±597","25.1%","±2.1","1,033","±271","27.3%","±6.1","1,854","±255","21.5%","±2.7","4,573","±517","26.4%","±2.9","8,017","±753","26.1%","±2.1","5,175","±537","23.1%","±2.3","3,997","±469","20.9%","±2.1","32,608","±1,500","25.5%","±1.1","15,643","±1,315","26.2%","±2.0","225","±75","22.7%","±6.7","10,192","±811","22.0%","±1.8","1,481","±269","18.9%","±3.1","5,944","±642","24.9%","±2.4","3,927","±332","24.8%","±2.0","4,156","±610","26.0%","±3.4","3,597","±406","26.8%","±2.8","3,480","±506","26.9%","±3.9","829","±195","22.3%","±4.7","1,361","±270","24.7%","±5.0","1,032","±213","21.2%","±4.4"
"        Arts, entertainment, and recreation, and accommodation and food services","186,200","±4,219","9.2%","±0.2","2,324","±500","10.4%","±2.2","1,063","±251","13.8%","±3.1","4,617","±800","7.1%","±1.2","233","±119","2.6%","±1.3","1,348","±263","9.6%","±1.9","786","±203","5.4%","±1.4","224","±117","5.1%","±2.6","4,913","±741","9.0%","±1.3","8,772","±772","9.3%","±0.8","8,957","±1,223","9.7%","±1.3","177","±111","5.2%","±3.1","307","±142","14.0%","±6.3","166","±74","5.9%","±2.6","256","±135","6.5%","±3.3","342","±145","5.8%","±2.4","685","±209","6.4%","±2.0","21,923","±1,613","10.4%","±0.7","155","±89","7.7%","±4.2","406","±124","6.0%","±1.8","615","±197","5.3%","±1.7","439","±145","6.3%","±2.1","389","±146","4.8%","±1.8","2,639","±412","9.5%","±1.4","710","±249","6.0%","±2.1","170","±71","3.3%","±1.3","22,136","±1,480","10.8%","±0.7","1,032","±287","8.0%","±2.2","11,025","±951","9.2%","±0.8","3,498","±618","8.4%","±1.4","291","±151","4.8%","±2.4","1,251","±324","6.4%","±1.6","5,314","±833","7.8%","±1.2","272","±118","9.0%","±3.8","550","±210","6.0%","±2.3","1,215","±229","8.3%","±1.5","23,731","±1,198","13.9%","±0.7","6,094","±762","8.8%","±1.1","1,009","±292","9.8%","±2.7","801","±352","9.5%","±4.2","5,476","±762","10.0%","±1.3","316","±175","11.3%","±6.0","349","±116","4.8%","±1.5","346","±97","4.5%","±1.3","1,804","±349","9.6%","±1.9","1,727","±385","7.1%","±1.6","411","±195","10.9%","±5.1","510","±128","5.9%","±1.5","937","±269","5.4%","±1.5","2,696","±391","8.8%","±1.3","1,548","±309","6.9%","±1.4","1,569","±369","8.2%","±1.9","11,090","±942","8.7%","±0.7","5,519","±874","9.2%","±1.4","44","±35","4.4%","±3.4","3,964","±676","8.6%","±1.4","319","±142","4.1%","±1.8","1,524","±341","6.4%","±1.4","1,336","±224","8.4%","±1.4","1,358","±336","8.5%","±2.1","1,037","±258","7.7%","±1.9","726","±221","5.6%","±1.7","172","±84","4.6%","±2.3","387","±268","7.0%","±4.9","200","±123","4.1%","±2.5"
"        Other services, except public administration","105,467","±3,357","5.2%","±0.2","1,240","±289","5.5%","±1.3","468","±194","6.1%","±2.6","3,484","±611","5.4%","±1.0","365","±164","4.1%","±1.9","695","±278","4.9%","±2.0","1,089","±350","7.5%","±2.4","327","±131","7.4%","±2.8","3,150","±655","5.7%","±1.2","5,848","±753","6.2%","±0.8","4,612","±788","5.0%","±0.8","249","±120","7.4%","±3.4","33","±34","1.5%","±1.5","42","±41","1.5%","±1.5","86","±64","2.2%","±1.6","239","±132","4.0%","±2.1","720","±232","6.8%","±2.1","11,468","±1,165","5.5%","±0.5","71","±51","3.5%","±2.6","387","±142","5.7%","±2.1","564","±198","4.8%","±1.7","316","±117","4.5%","±1.7","793","±407","9.7%","±4.7","1,567","±445","5.6%","±1.6","829","±331","7.0%","±2.7","273","±110","5.2%","±2.2","11,509","±1,166","5.6%","±0.6","845","±231","6.5%","±1.8","5,697","±775","4.7%","±0.6","2,256","±404","5.4%","±1.0","235","±121","3.8%","±2.0","786","±249","4.0%","±1.3","3,328","±541","4.9%","±0.8","137","±97","4.6%","±3.1","367","±165","4.0%","±1.8","678","±138","4.6%","±0.9","8,282","±738","4.9%","±0.4","3,168","±539","4.6%","±0.8","500","±184","4.9%","±1.8","216","±96","2.5%","±1.1","2,270","±444","4.2%","±0.8","140","±93","5.0%","±3.1","336","±118","4.6%","±1.7","333","±95","4.3%","±1.2","909","±271","4.8%","±1.4","1,085","±271","4.5%","±1.1","203","±135","5.4%","±3.5","228","±96","2.6%","±1.1","1,059","±326","6.1%","±1.8","2,061","±476","6.7%","±1.5","1,316","±325","5.9%","±1.4","1,176","±268","6.1%","±1.4","6,695","±975","5.2%","±0.8","2,989","±641","5.0%","±1.1","13","±12","1.3%","±1.3","2,539","±477","5.5%","±1.0","241","±127","3.1%","±1.7","1,438","±303","6.0%","±1.3","866","±180","5.5%","±1.2","784","±265","4.9%","±1.6","715","±240","5.3%","±1.7","446","±195","3.4%","±1.5","194","±77","5.2%","±2.1","392","±216","7.1%","±3.8","120","±64","2.5%","±1.4"
"        Public administration","110,613","±3,282","5.5%","±0.2","721","±243","3.2%","±1.1","652","±268","8.5%","±3.3","4,412","±658","6.8%","±1.0","275","±137","3.1%","±1.5","1,079","±305","7.7%","±2.1","780","±192","5.4%","±1.3","291","±94","6.6%","±2.2","3,800","±626","6.9%","±1.1","5,439","±657","5.8%","±0.7","4,487","±792","4.8%","±0.8","268","±124","7.9%","±3.5","105","±72","4.8%","±3.2","278","±141","9.9%","±5.0","392","±99","9.9%","±2.5","533","±218","9.0%","±3.6","523","±159","4.9%","±1.5","13,821","±1,094","6.6%","±0.5","356","±126","17.6%","±6.1","776","±202","11.4%","±3.0","683","±243","5.8%","±2.0","505","±176","7.2%","±2.5","700","±190","8.6%","±2.3","967","±309","3.5%","±1.1","1,041","±266","8.8%","±2.2","420","±122","8.0%","±2.2","10,360","±980","5.1%","±0.5","566","±177","4.4%","±1.3","4,605","±714","3.8%","±0.6","1,957","±374","4.7%","±0.9","437","±160","7.1%","±2.7","1,022","±300","5.2%","±1.5","4,623","±969","6.8%","±1.4","111","±61","3.7%","±2.0","585","±222","6.4%","±2.4","701","±150","4.8%","±1.0","8,232","±793","4.8%","±0.5","3,526","±583","5.1%","±0.8","812","±238","7.9%","±2.3","517","±162","6.1%","±1.8","4,034","±601","7.4%","±1.1","93","±52","3.3%","±1.8","524","±166","7.2%","±2.1","511","±176","6.6%","±2.2","1,094","±255","5.8%","±1.3","1,470","±308","6.1%","±1.3","156","±88","4.1%","±2.4","444","±137","5.2%","±1.5","1,282","±370","7.4%","±2.2","1,239","±316","4.0%","±1.0","889","±221","4.0%","±1.0","806","±221","4.2%","±1.1","6,185","±775","4.8%","±0.6","2,961","±482","5.0%","±0.8","135","±63","13.6%","±6.2","1,508","±315","3.3%","±0.7","163","±81","2.1%","±1.0","663","±193","2.8%","±0.8","1,263","±193","8.0%","±1.1","887","±292","5.5%","±1.8","814","±224","6.1%","±1.6","1,084","±289","8.4%","±2.3","118","±58","3.2%","±1.5","541","±158","9.8%","±2.9","391","±137","8.0%","±2.9"
"CLASS OF WORKER","","","","","","","","","","","","","","","","","","","","","","","","","","","","","","","","","","","","","","","","","","","","","","","","","","","","","","","","","","","","","","","","","","","","","","","","","","","","","","","","","","","","","","","","","","","","","","","","","","","","","","","","","","","","","","","","","","","","","","","","","","","","","","","","","","","","","","","","","","","","","","","","","","","","","","","","","","","","","","","","","","","","","","","","","","","","","","","","","","","","","","","","","","","","","","","","","","","","","","","","","","","","","","","","","","","","","","","","","","","","","","","","","","","","","","","","","","","","","","","","","","","","","","","","","","","","","","","","","","","",""
"    Civilian employed population 16 years and over","2,013,003","±8,340","2,013,003","(X)","22,417","±897","22,417","(X)","7,713","±582","7,713","(X)","65,022","±1,513","65,022","(X)","8,819","±484","8,819","(X)","14,085","±555","14,085","(X)","14,520","±578","14,520","(X)","4,427","±298","4,427","(X)","54,870","±1,365","54,870","(X)","94,372","±1,971","94,372","(X)","92,561","±2,113","92,561","(X)","3,378","±333","3,378","(X)","2,189","±181","2,189","(X)","2,809","±214","2,809","(X)","3,953","±346","3,953","(X)","5,919","±456","5,919","(X)","10,622","±526","10,622","(X)","210,299","±2,954","210,299","(X)","2,025","±295","2,025","(X)","6,820","±437","6,820","(X)","11,682","±593","11,682","(X)","6,976","±359","6,976","(X)","8,137","±485","8,137","(X)","27,890","±859","27,890","(X)","11,783","±679","11,783","(X)","5,222","±395","5,222","(X)","204,080","±2,171","204,080","(X)","12,977","±699","12,977","(X)","120,162","±2,118","120,162","(X)","41,868","±907","41,868","(X)","6,126","±463","6,126","(X)","19,506","±885","19,506","(X)","67,883","±1,450","67,883","(X)","3,008","±268","3,008","(X)","9,166","±550","9,166","(X)","14,685","±463","14,685","(X)","170,586","±2,412","170,586","(X)","69,274","±1,438","69,274","(X)","10,285","±497","10,285","(X)","8,471","±384","8,471","(X)","54,545","±1,279","54,545","(X)","2,804","±269","2,804","(X)","7,325","±442","7,325","(X)","7,755","±372","7,755","(X)","18,868","±820","18,868","(X)","24,165","±940","24,165","(X)","3,777","±442","3,777","(X)","8,618","±402","8,618","(X)","17,332","±815","17,332","(X)","30,720","±1,034","30,720","(X)","22,429","±609","22,429","(X)","19,135","±846","19,135","(X)","127,907","±1,847","127,907","(X)","59,676","±1,666","59,676","(X)","991","±146","991","(X)","46,338","±1,375","46,338","(X)","7,835","±510","7,835","(X)","23,884","±838","23,884","(X)","15,866","±503","15,866","(X)","16,006","±811","16,006","(X)","13,411","±649","13,411","(X)","12,942","±623","12,942","(X)","3,714","±264","3,714","(X)","5,515","±408","5,515","(X)","4,858","±411","4,858","(X)"
"        Private wage and salary workers","1,554,445","±8,811","77.2%","±0.3","17,539","±818","78.2%","±2.5","5,566","±599","72.2%","±5.2","51,752","±1,877","79.6%","±2.1","7,135","±520","80.9%","±3.1","10,139","±556","72.0%","±3.1","11,314","±668","77.9%","±3.3","3,116","±264","70.4%","±4.5","42,595","±1,379","77.6%","±1.8","72,030","±1,998","76.3%","±1.2","73,090","±2,095","79.0%","±1.6","2,638","±314","78.1%","±4.4","1,714","±194","78.3%","±6.4","1,691","±195","60.2%","±6.6","2,818","±302","71.3%","±6.1","4,154","±424","70.2%","±4.9","8,345","±524","78.6%","±3.2","159,396","±3,015","75.8%","±1.0","1,321","±246","65.2%","±7.9","4,684","±416","68.7%","±3.7","8,884","±618","76.0%","±3.9","4,999","±330","71.7%","±3.9","5,527","±497","67.9%","±4.4","22,226","±966","79.7%","±2.7","8,345","±671","70.8%","±4.9","3,745","±368","71.7%","±4.0","162,957","±2,718","79.8%","±0.9","9,882","±656","76.2%","±3.2","92,725","±2,107","77.2%","±1.2","33,098","±1,075","79.1%","±1.8","4,662","±453","76.1%","±4.9","13,179","±964","67.6%","±3.3","52,206","±1,805","76.9%","±2.1","2,221","±251","73.8%","±4.3","6,941","±507","75.7%","±3.5","10,514","±515","71.6%","±2.4","132,661","±2,433","77.8%","±0.9","53,672","±1,533","77.5%","±1.6","7,551","±561","73.4%","±4.1","6,163","±446","72.8%","±4.0","39,832","±1,340","73.0%","±1.8","2,193","±248","78.2%","±5.3","5,464","±414","74.6%","±3.7","5,671","±338","73.1%","±3.2","14,644","±683","77.6%","±2.2","18,754","±892","77.6%","±2.2","2,762","±365","73.1%","±6.1","7,094","±398","82.3%","±3.7","13,004","±898","75.0%","±3.2","25,011","±982","81.4%","±1.9","17,390","±732","77.5%","±2.5","15,612","±938","81.6%","±2.5","99,789","±1,930","78.0%","±1.1","45,431","±1,709","76.1%","±1.7","643","±133","64.9%","±8.7","38,324","±1,406","82.7%","±1.9","6,442","±515","82.2%","±3.0","19,371","±765","81.1%","±2.3","11,282","±442","71.1%","±2.1","12,083","±797","75.5%","±3.8","10,302","±565","76.8%","±2.8","9,383","±765","72.5%","±3.7","2,950","±240","79.4%","±4.4","4,203","±475","76.2%","±5.2","3,616","±422","74.4%","±5.2"
"        Government workers","322,261","±5,790","16.0%","±0.3","2,794","±485","12.5%","±2.1","1,417","±354","18.4%","±4.1","9,732","±1,228","15.0%","±1.9","1,323","±245","15.0%","±2.8","2,743","±411","19.5%","±2.8","2,468","±402","17.0%","±2.7","997","±202","22.5%","±4.1","9,433","±908","17.2%","±1.6","16,816","±1,118","17.8%","±1.2","13,887","±1,453","15.0%","±1.5","517","±140","15.3%","±3.8","381","±141","17.4%","±6.1","760","±205","27.1%","±6.5","946","±258","23.9%","±5.7","1,246","±264","21.1%","±4.2","1,368","±285","12.9%","±2.5","39,135","±2,082","18.6%","±0.9","623","±201","30.8%","±8.2","1,671","±233","24.5%","±3.3","2,090","±433","17.9%","±3.4","1,329","±281","19.1%","±3.7","2,030","±308","24.9%","±3.5","3,569","±559","12.8%","±1.9","2,216","±398","18.8%","±3.5","1,151","±233","22.0%","±4.2","26,133","±1,518","12.8%","±0.7","2,054","±364","15.8%","±2.6","16,107","±1,290","13.4%","±1.1","6,090","±602","14.5%","±1.4","1,026","±278","16.7%","±4.5","4,935","±566","25.3%","±2.9","10,577","±1,220","15.6%","±1.8","556","±119","18.5%","±3.7","1,685","±286","18.4%","±3.0","3,278","±338","22.3%","±2.3","25,462","±1,473","14.9%","±0.8","11,458","±1,046","16.5%","±1.5","1,971","±416","19.2%","±3.9","1,683","±300","19.9%","±3.4","11,610","±969","21.3%","±1.7","442","±134","15.8%","±4.4","1,375","±294","18.8%","±3.7","1,584","±260","20.4%","±3.1","3,219","±464","17.1%","±2.2","4,134","±498","17.1%","±2.0","841","±269","22.3%","±6.3","1,213","±295","14.1%","±3.2","3,105","±500","17.9%","±2.9","3,679","±512","12.0%","±1.5","2,579","±381","11.5%","±1.6","2,676","±331","14.0%","±1.8","18,484","±1,344","14.5%","±1.0","10,458","±955","17.5%","±1.5","275","±85","27.7%","±7.6","5,332","±793","11.5%","±1.7","896","±215","11.4%","±2.7","2,819","±392","11.8%","±1.5","3,723","±385","23.5%","±2.2","2,833","±565","17.7%","±3.3","2,264","±383","16.9%","±2.5","2,497","±401","19.3%","±3.3","498","±157","13.4%","±4.0","1,056","±240","19.1%","±4.4","1,012","±243","20.8%","±4.9"
"        Self-employed in own not incorporated business workers","132,559","±3,457","6.6%","±0.2","1,989","±385","8.9%","±1.6","722","±320","9.4%","±4.3","3,475","±624","5.3%","±1.0","361","±125","4.1%","±1.4","1,192","±244","8.5%","±1.7","710","±241","4.9%","±1.7","314","±108","7.1%","±2.3","2,725","±466","5.0%","±0.8","5,168","±626","5.5%","±0.7","5,567","±725","6.0%","±0.8","223","±96","6.6%","±2.9","94","±56","4.3%","±2.5","358","±143","12.7%","±5.0","180","±123","4.6%","±3.0","513","±180","8.7%","±2.9","809","±227","7.6%","±2.1","11,465","±1,039","5.5%","±0.5","81","±59","4.0%","±3.0","428","±174","6.3%","±2.5","708","±204","6.1%","±1.8","639","±178","9.2%","±2.5","580","±166","7.1%","±2.0","1,986","±508","7.1%","±1.8","1,207","±499","10.2%","±4.0","326","±127","6.2%","±2.4","14,487","±1,038","7.1%","±0.5","990","±252","7.6%","±1.9","11,228","±1,120","9.3%","±0.9","2,605","±490","6.2%","±1.2","438","±192","7.1%","±3.0","1,321","±325","6.8%","±1.7","5,031","±809","7.4%","±1.2","213","±74","7.1%","±2.5","540","±219","5.9%","±2.3","873","±249","5.9%","±1.7","12,183","±771","7.1%","±0.4","4,040","±597","5.8%","±0.9","763","±182","7.4%","±1.8","620","±201","7.3%","±2.4","3,000","±497","5.5%","±0.9","169","±87","6.0%","±3.1","479","±153","6.5%","±2.1","453","±125","5.8%","±1.5","936","±204","5.0%","±1.1","1,277","±292","5.3%","±1.2","166","±119","4.4%","±3.1","304","±146","3.5%","±1.7","1,190","±408","6.9%","±2.3","1,974","±434","6.4%","±1.4","2,404","±450","10.7%","±2.0","838","±243","4.4%","±1.3","9,358","±992","7.3%","±0.8","3,726","±628","6.2%","±1.1","73","±36","7.4%","±3.7","2,579","±433","5.6%","±0.9","424","±161","5.4%","±2.0","1,674","±413","7.0%","±1.7","815","±190","5.1%","±1.2","978","±299","6.1%","±1.8","845","±204","6.3%","±1.5","1,062","±400","8.2%","±3.1","208","±88","5.6%","±2.3","256","±150","4.6%","±2.8","219","±105","4.5%","±2.1"
"        Unpaid family workers","3,738","±471","0.2%","±0.1","95","±81","0.4%","±0.4","8","±18","0.1%","±0.2","63","±64","0.1%","±0.1","0","±26","0.0%","±0.5","11","±12","0.1%","±0.1","28","±33","0.2%","±0.2","0","±22","0.0%","±1.0","117","±82","0.2%","±0.1","358","±196","0.4%","±0.2","17","±21","0.0%","±0.1","0","±20","0.0%","±1.3","0","±20","0.0%","±2.0","0","±20","0.0%","±1.6","9","±16","0.2%","±0.4","6","±10","0.1%","±0.2","100","±63","0.9%","±0.6","303","±145","0.1%","±0.1","0","±20","0.0%","±2.2","37","±48","0.5%","±0.7","0","±30","0.0%","±0.4","9","±14","0.1%","±0.2","0","±26","0.0%","±0.6","109","±100","0.4%","±0.4","15","±28","0.1%","±0.2","0","±22","0.0%","±0.9","503","±163","0.2%","±0.1","51","±52","0.4%","±0.4","102","±73","0.1%","±0.1","75","±90","0.2%","±0.2","0","±22","0.0%","±0.7","71","±75","0.4%","±0.4","69","±95","0.1%","±0.1","18","±29","0.6%","±1.0","0","±26","0.0%","±0.5","20","±21","0.1%","±0.1","280","±116","0.2%","±0.1","104","±72","0.2%","±0.1","0","±26","0.0%","±0.4","5","±13","0.1%","±0.1","103","±72","0.2%","±0.1","0","±20","0.0%","±1.6","7","±12","0.1%","±0.2","47","±46","0.6%","±0.6","69","±60","0.4%","±0.3","0","±33","0.0%","±0.2","8","±16","0.2%","±0.4","7","±12","0.1%","±0.1","33","±49","0.2%","±0.3","56","±78","0.2%","±0.3","56","±40","0.2%","±0.2","9","±15","0.0%","±0.1","276","±128","0.2%","±0.1","61","±54","0.1%","±0.1","0","±14","0.0%","±4.4","103","±77","0.2%","±0.2","73","±80","0.9%","±1.0","20","±23","0.1%","±0.1","46","±48","0.3%","±0.3","112","±87","0.7%","±0.5","0","±30","0.0%","±0.3","0","±26","0.0%","±0.3","58","±62","1.6%","±1.7","0","±22","0.0%","±0.8","11","±16","0.2%","±0.3"
"INCOME AND BENEFITS (IN 2024 INFLATION-ADJUSTED DOLLARS)","","","","","","","","","","","","","","","","","","","","","","","","","","","","","","","","","","","","","","","","","","","","","","","","","","","","","","","","","","","","","","","","","","","","","","","","","","","","","","","","","","","","","","","","","","","","","","","","","","","","","","","","","","","","","","","","","","","","","","","","","","","","","","","","","","","","","","","","","","","","","","","","","","","","","","","","","","","","","","","","","","","","","","","","","","","","","","","","","","","","","","","","","","","","","","","","","","","","","","","","","","","","","","","","","","","","","","","","","","","","","","","","","","","","","","","","","","","","","","","","","","","","","","","","","","","","","","","","","","","",""
"    Total households","1,804,780","±5,143","1,804,780","(X)","22,099","±409","22,099","(X)","7,854","±310","7,854","(X)","47,656","±640","47,656","(X)","8,830","±250","8,830","(X)","14,441","±423","14,441","(X)","13,747","±374","13,747","(X)","5,556","±254","5,556","(X)","50,826","±667","50,826","(X)","95,771","±958","95,771","(X)","77,957","±1,088","77,957","(X)","3,716","±207","3,716","(X)","2,018","±164","2,018","(X)","3,201","±197","3,201","(X)","5,155","±219","5,155","(X)","6,778","±315","6,778","(X)","10,504","±318","10,504","(X)","177,295","±1,381","177,295","(X)","2,617","±252","2,617","(X)","6,401","±293","6,401","(X)","12,561","±301","12,561","(X)","7,525","±263","7,525","(X)","7,440","±267","7,440","(X)","26,816","±491","26,816","(X)","11,296","±445","11,296","(X)","5,576","±243","5,576","(X)","177,003","±1,136","177,003","(X)","12,068","±370","12,068","(X)","100,903","±947","100,903","(X)","37,762","±553","37,762","(X)","5,049","±218","5,049","(X)","18,487","±414","18,487","(X)","53,596","±684","53,596","(X)","3,053","±179","3,053","(X)","9,769","±292","9,769","(X)","14,508","±393","14,508","(X)","155,821","±1,188","155,821","(X)","61,489","±770","61,489","(X)","8,218","±259","8,218","(X)","8,335","±259","8,335","(X)","48,954","±725","48,954","(X)","3,100","±189","3,100","(X)","7,240","±244","7,240","(X)","8,785","±343","8,785","(X)","16,219","±289","16,219","(X)","18,608","±422","18,608","(X)","4,176","±271","4,176","(X)","7,543","±201","7,543","(X)","15,152","±397","15,152","(X)","32,183","±482","32,183","(X)","19,579","±478","19,579","(X)","18,463","±468","18,463","(X)","105,082","±957","105,082","(X)","51,999","±827","51,999","(X)","1,578","±115","1,578","(X)","42,127","±654","42,127","(X)","8,508","±283","8,508","(X)","21,797","±468","21,797","(X)","18,300","±403","18,300","(X)","17,716","±406","17,716","(X)","14,334","±379","14,334","(X)","10,974","±293","10,974","(X)","3,850","±150","3,850","(X)","4,026","±195","4,026","(X)","4,790","±239","4,790","(X)"
"        Less than $10,000","129,134","±3,021","7.2%","±0.2","2,138","±350","9.7%","±1.6","788","±214","10.0%","±2.7","1,534","±336","3.2%","±0.7","688","±205","7.8%","±2.3","1,103","±196","7.6%","±1.3","581","±148","4.2%","±1.0","488","±151","8.8%","±2.6","2,392","±415","4.7%","±0.8","7,323","±670","7.6%","±0.7","4,942","±728","6.3%","±0.9","336","±132","9.0%","±3.7","116","±77","5.7%","±3.8","195","±82","6.1%","±2.6","603","±175","11.7%","±3.3","555","±198","8.2%","±2.8","832","±254","7.9%","±2.4","15,098","±1,244","8.5%","±0.7","367","±212","14.0%","±7.4","421","±214","6.6%","±3.3","823","±251","6.6%","±2.0","454","±138","6.0%","±1.8","368","±107","4.9%","±1.4","2,118","±380","7.9%","±1.4","1,066","±297","9.4%","±2.5","365","±130","6.5%","±2.3","11,221","±1,175","6.3%","±0.7","647","±202","5.4%","±1.6","6,766","±939","6.7%","±0.9","2,235","±321","5.9%","±0.8","189","±99","3.7%","±2.0","2,644","±489","14.3%","±2.6","2,194","±449","4.1%","±0.8","358","±111","11.7%","±3.6","1,057","±238","10.8%","±2.5","1,648","±233","11.4%","±1.5","15,000","±1,196","9.6%","±0.8","6,001","±593","9.8%","±1.0","326","±113","4.0%","±1.4","570","±152","6.8%","±1.8","3,524","±430","7.2%","±0.9","238","±116","7.7%","±3.6","761","±189","10.5%","±2.6","735","±192","8.4%","±2.1","1,461","±255","9.0%","±1.6","840","±226","4.5%","±1.2","342","±188","8.2%","±4.4","346","±138","4.6%","±1.8","610","±236","4.0%","±1.5","3,346","±447","10.4%","±1.4","1,012","±236","5.2%","±1.2","1,383","±247","7.5%","±1.3","4,425","±600","4.2%","±0.6","3,564","±660","6.9%","±1.2","148","±62","9.4%","±4.1","3,330","±562","7.9%","±1.3","761","±225","8.9%","±2.6","1,140","±294","5.2%","±1.3","1,064","±164","5.8%","±0.9","1,182","±346","6.7%","±1.9","1,028","±185","7.2%","±1.3","474","±191","4.3%","±1.8","256","±100","6.6%","±2.5","165","±89","4.1%","±2.2","449","±138","9.4%","±2.8"
"        $10,000 to $14,999","104,513","±3,206","5.8%","±0.2","2,137","±392","9.7%","±1.7","561","±199","7.1%","±2.5","1,420","±385","3.0%","±0.8","638","±234","7.2%","±2.6","1,575","±367","10.9%","±2.5","396","±127","2.9%","±0.9","591","±144","10.6%","±2.6","2,785","±584","5.5%","±1.1","6,936","±936","7.2%","±1.0","3,359","±557","4.3%","±0.7","281","±129","7.6%","±3.5","14","±23","0.7%","±1.1","171","±82","5.3%","±2.5","777","±180","15.1%","±3.3","653","±177","9.6%","±2.6","875","±237","8.3%","±2.3","8,182","±915","4.6%","±0.5","308","±145","11.8%","±5.5","284","±114","4.4%","±1.8","1,081","±213","8.6%","±1.7","582","±157","7.7%","±2.1","519","±165","7.0%","±2.2","1,516","±269","5.7%","±1.0","770","±195","6.8%","±1.7","337","±116","6.0%","±2.1","7,740","±799","4.4%","±0.5","517","±167","4.3%","±1.4","4,622","±544","4.6%","±0.5","2,163","±440","5.7%","±1.1","507","±194","10.0%","±3.7","1,683","±418","9.1%","±2.3","1,639","±319","3.1%","±0.6","378","±121","12.4%","±3.8","626","±185","6.4%","±1.9","1,319","±187","9.1%","±1.3","11,907","±850","7.6%","±0.5","4,318","±579","7.0%","±0.9","416","±197","5.1%","±2.4","567","±207","6.8%","±2.5","2,696","±461","5.5%","±1.0","303","±135","9.8%","±4.4","377","±139","5.2%","±1.9","779","±159","8.9%","±1.8","690","±160","4.3%","±1.0","728","±274","3.9%","±1.4","792","±236","19.0%","±5.6","362","±169","4.8%","±2.2","781","±286","5.2%","±1.9","2,867","±387","8.9%","±1.2","1,594","±360","8.1%","±1.8","1,450","±337","7.9%","±1.8","3,176","±493","3.0%","±0.5","3,305","±660","6.4%","±1.3","260","±82","16.5%","±5.1","1,482","±321","3.5%","±0.8","784","±267","9.2%","±3.1","1,647","±293","7.6%","±1.3","937","±162","5.1%","±0.9","1,780","±396","10.0%","±2.2","1,220","±247","8.5%","±1.8","484","±185","4.4%","±1.7","265","±115","6.9%","±3.0","162","±82","4.0%","±2.0","442","±179","9.2%","±3.7"
"        $15,000 to $24,999","169,745","±3,034","9.4%","±0.2","2,412","±366","10.9%","±1.7","889","±254","11.3%","±3.2","2,893","±628","6.1%","±1.3","717","±212","8.1%","±2.4","2,028","±278","14.0%","±1.9","1,420","±268","10.3%","±1.9","1,107","±208","19.9%","±3.6","3,079","±442","6.1%","±0.9","12,591","±1,186","13.1%","±1.3","6,923","±747","8.9%","±0.9","462","±156","12.4%","±4.2","116","±69","5.7%","±3.3","406","±130","12.7%","±4.1","714","±172","13.9%","±3.3","1,081","±228","15.9%","±3.3","1,111","±214","10.6%","±2.0","14,469","±1,114","8.2%","±0.6","411","±154","15.7%","±5.8","545","±173","8.5%","±2.6","2,360","±385","18.8%","±3.0","645","±201","8.6%","±2.7","705","±171","9.5%","±2.3","3,104","±432","11.6%","±1.6","752","±174","6.7%","±1.6","670","±127","12.0%","±2.2","14,813","±1,127","8.4%","±0.6","1,623","±328","13.4%","±2.6","8,567","±760","8.5%","±0.7","3,380","±435","9.0%","±1.1","409","±153","8.1%","±3.0","2,105","±413","11.4%","±2.3","3,701","±849","6.9%","±1.6","218","±69","7.1%","±2.2","1,333","±275","13.6%","±2.8","1,598","±226","11.0%","±1.5","15,389","±975","9.9%","±0.6","6,262","±645","10.2%","±1.1","502","±159","6.1%","±1.9","547","±166","6.6%","±1.9","5,329","±633","10.9%","±1.3","334","±136","10.8%","±4.2","841","±198","11.6%","±2.7","868","±147","9.9%","±1.6","1,477","±229","9.1%","±1.4","1,151","±330","6.2%","±1.7","408","±152","9.8%","±3.7","561","±210","7.4%","±2.7","1,439","±335","9.5%","±2.2","4,119","±609","12.8%","±1.9","1,905","±364","9.7%","±1.8","1,737","±318","9.4%","±1.7","6,921","±827","6.6%","±0.8","5,438","±802","10.5%","±1.6","147","±54","9.3%","±3.4","3,366","±608","8.0%","±1.4","1,112","±256","13.1%","±3.0","2,705","±438","12.4%","±2.0","1,592","±220","8.7%","±1.2","2,544","±367","14.4%","±2.0","2,001","±348","14.0%","±2.3","618","±200","5.6%","±1.8","440","±120","11.4%","±3.1","254","±116","6.3%","±2.9","381","±119","8.0%","±2.6"
"        $25,000 to $34,999","151,224","±3,080","8.4%","±0.2","1,895","±392","8.6%","±1.7","895","±209","11.4%","±2.6","2,648","±502","5.6%","±1.1","848","±276","9.6%","±3.1","1,816","±364","12.6%","±2.5","1,265","±336","9.2%","±2.4","591","±160","10.6%","±2.9","3,829","±577","7.5%","±1.1","8,226","±792","8.6%","±0.8","5,811","±719","7.5%","±0.9","503","±149","13.5%","±4.0","157","±94","7.8%","±4.5","527","±163","16.5%","±5.0","664","±142","12.9%","±2.7","684","±209","10.1%","±3.0","1,079","±268","10.3%","±2.6","13,524","±1,006","7.6%","±0.6","261","±104","10.0%","±4.0","491","±167","7.7%","±2.6","1,299","±284","10.3%","±2.2","1,062","±261","14.1%","±3.4","499","±125","6.7%","±1.7","2,469","±374","9.2%","±1.4","1,259","±304","11.1%","±2.7","566","±139","10.2%","±2.4","15,664","±1,196","8.8%","±0.7","1,072","±248","8.9%","±2.1","7,703","±762","7.6%","±0.7","2,896","±456","7.7%","±1.2","364","±139","7.2%","±2.7","2,146","±448","11.6%","±2.4","3,955","±601","7.4%","±1.1","555","±132","18.2%","±4.2","1,079","±224","11.0%","±2.3","1,357","±202","9.4%","±1.4","12,046","±733","7.7%","±0.5","5,279","±694","8.6%","±1.1","616","±197","7.5%","±2.4","811","±213","9.7%","±2.5","4,796","±526","9.8%","±1.1","255","±106","8.2%","±3.5","582","±172","8.0%","±2.4","1,072","±197","12.2%","±2.1","1,681","±347","10.4%","±2.1","1,367","±288","7.3%","±1.6","309","±141","7.4%","±3.4","861","±272","11.4%","±3.5","1,368","±406","9.0%","±2.7","2,874","±389","8.9%","±1.2","1,700","±263","8.7%","±1.4","2,059","±371","11.2%","±2.0","6,484","±768","6.2%","±0.7","3,987","±580","7.7%","±1.1","172","±75","10.9%","±4.5","3,013","±516","7.2%","±1.2","931","±254","10.9%","±3.0","1,970","±347","9.0%","±1.6","1,918","±268","10.5%","±1.4","1,599","±344","9.0%","±1.9","2,024","±347","14.1%","±2.3","579","±189","5.3%","±1.7","389","±128","10.1%","±3.2","295","±156","7.3%","±3.8","528","±223","11.0%","±4.6"
"        $35,000 to $49,999","213,110","±4,517","11.8%","±0.2","3,408","±444","15.4%","±2.0","1,043","±239","13.3%","±3.0","4,574","±737","9.6%","±1.5","1,380","±292","15.6%","±3.3","1,854","±274","12.8%","±1.9","1,651","±264","12.0%","±1.9","716","±165","12.9%","±2.8","6,401","±738","12.6%","±1.4","12,233","±1,001","12.8%","±1.0","8,573","±974","11.0%","±1.2","385","±152","10.4%","±4.1","263","±105","13.0%","±5.1","285","±115","8.9%","±3.5","732","±148","14.2%","±2.9","970","±232","14.3%","±3.3","1,471","±267","14.0%","±2.5","20,862","±1,735","11.8%","±1.0","250","±96","9.6%","±3.7","683","±190","10.7%","±3.0","1,677","±342","13.4%","±2.7","1,207","±260","16.0%","±3.4","810","±177","10.9%","±2.3","3,263","±488","12.2%","±1.8","1,268","±277","11.2%","±2.4","1,139","±237","20.4%","±4.3","19,928","±1,246","11.3%","±0.7","1,396","±335","11.6%","±2.7","11,572","±967","11.5%","±1.0","4,961","±522","13.1%","±1.4","529","±184","10.5%","±3.6","1,904","±381","10.3%","±2.0","5,704","±681","10.6%","±1.3","362","±113","11.9%","±3.5","1,664","±330","17.0%","±3.2","1,882","±228","13.0%","±1.5","17,104","±915","11.0%","±0.6","6,986","±630","11.4%","±1.0","576","±183","7.0%","±2.2","919","±187","11.0%","±2.2","6,209","±523","12.7%","±1.1","464","±122","15.0%","±3.7","833","±178","11.5%","±2.5","931","±155","10.6%","±1.7","1,665","±334","10.3%","±2.1","1,770","±366","9.5%","±1.9","434","±171","10.4%","±3.9","891","±201","11.8%","±2.7","1,833","±431","12.1%","±2.8","4,290","±445","13.3%","±1.4","2,704","±449","13.8%","±2.2","2,136","±345","11.6%","±1.9","10,244","±1,015","9.7%","±0.9","6,431","±915","12.4%","±1.7","282","±84","17.9%","±5.2","5,775","±769","13.7%","±1.8","961","±244","11.3%","±2.8","2,571","±365","11.8%","±1.7","2,540","±307","13.9%","±1.6","2,722","±421","15.4%","±2.4","2,296","±340","16.0%","±2.3","877","±304","8.0%","±2.8","610","±158","15.8%","±4.0","433","±158","10.8%","±4.0","623","±157","13.0%","±3.3"
"        $50,000 to $74,999","286,493","±4,685","15.9%","±0.3","2,932","±518","13.3%","±2.3","1,252","±233","15.9%","±2.9","6,609","±674","13.9%","±1.4","1,504","±265","17.0%","±3.0","1,876","±302","13.0%","±2.1","2,357","±298","17.1%","±2.2","789","±174","14.2%","±3.1","8,732","±758","17.2%","±1.5","15,876","±1,075","16.6%","±1.1","13,040","±1,051","16.7%","±1.3","415","±159","11.2%","±4.0","340","±119","16.8%","±5.7","622","±140","19.4%","±4.3","746","±152","14.5%","±3.0","898","±219","13.2%","±3.2","1,386","±235","13.2%","±2.2","28,311","±1,724","16.0%","±1.0","365","±140","13.9%","±5.3","837","±217","13.1%","±3.4","1,770","±326","14.1%","±2.6","1,380","±279","18.3%","±3.7","1,347","±199","18.1%","±2.6","4,501","±575","16.8%","±2.1","1,935","±400","17.1%","±3.4","922","±188","16.5%","±3.4","29,796","±1,452","16.8%","±0.8","2,016","±357","16.7%","±2.9","15,295","±1,040","15.2%","±1.0","5,734","±515","15.2%","±1.4","885","±225","17.5%","±4.4","2,408","±347","13.0%","±1.8","8,360","±808","15.6%","±1.5","507","±133","16.6%","±4.3","1,257","±245","12.9%","±2.5","1,848","±229","12.7%","±1.6","22,632","±1,255","14.5%","±0.8","9,372","±716","15.2%","±1.1","979","±206","11.9%","±2.5","1,214","±202","14.6%","±2.4","7,472","±663","15.3%","±1.4","573","±167","18.5%","±5.5","1,336","±254","18.5%","±3.4","1,391","±232","15.8%","±2.6","2,727","±420","16.8%","±2.6","2,866","±478","15.4%","±2.6","747","±208","17.9%","±5.0","1,104","±204","14.6%","±2.6","2,490","±379","16.4%","±2.5","5,243","±557","16.3%","±1.8","3,181","±552","16.2%","±2.8","3,189","±368","17.3%","±2.0","17,330","±1,043","16.5%","±1.0","9,949","±991","19.1%","±1.9","343","±88","21.7%","±5.0","7,127","±802","16.9%","±1.9","1,083","±282","12.7%","±3.3","3,222","±432","14.8%","±1.9","3,622","±301","19.8%","±1.6","2,596","±382","14.7%","±2.1","2,012","±242","14.0%","±1.8","1,804","±340","16.4%","±3.1","484","±137","12.6%","±3.6","653","±193","16.2%","±4.6","904","±222","18.9%","±4.3"
"        $75,000 to $99,999","210,659","±3,812","11.7%","±0.2","2,514","±465","11.4%","±2.1","870","±233","11.1%","±3.0","5,842","±787","12.3%","±1.6","946","±232","10.7%","±2.6","1,496","±329","10.4%","±2.2","1,503","±237","10.9%","±1.7","466","±113","8.4%","±1.9","6,981","±655","13.7%","±1.3","10,189","±854","10.6%","±0.9","9,514","±903","12.2%","±1.2","385","±168","10.4%","±4.4","283","±132","14.0%","±6.2","438","±167","13.7%","±5.0","390","±106","7.6%","±2.1","823","±211","12.1%","±3.1","892","±207","8.5%","±1.9","20,605","±1,518","11.6%","±0.8","207","±105","7.9%","±3.9","798","±198","12.5%","±2.9","1,073","±233","8.5%","±1.9","683","±158","9.1%","±2.0","1,019","±230","13.7%","±3.1","3,044","±443","11.4%","±1.6","1,028","±295","9.1%","±2.6","550","±149","9.9%","±2.6","21,981","±1,417","12.4%","±0.8","1,403","±370","11.6%","±3.0","12,894","±1,081","12.8%","±1.1","4,230","±490","11.2%","±1.3","743","±294","14.7%","±5.8","1,634","±264","8.8%","±1.4","7,189","±843","13.4%","±1.5","228","±83","7.5%","±2.7","928","±217","9.5%","±2.2","1,343","±140","9.3%","±1.0","16,080","±1,173","10.3%","±0.8","6,913","±784","11.2%","±1.3","1,449","±235","17.6%","±2.9","907","±280","10.9%","±3.4","5,610","±618","11.5%","±1.2","163","±75","5.3%","±2.4","665","±153","9.2%","±2.1","994","±189","11.3%","±2.2","2,199","±345","13.6%","±2.1","2,222","±382","11.9%","±2.0","528","±216","12.6%","±5.0","920","±200","12.2%","±2.7","2,480","±402","16.4%","±2.6","3,174","±435","9.9%","±1.3","2,304","±391","11.8%","±2.0","2,179","±356","11.8%","±1.9","14,013","±1,068","13.3%","±1.0","5,784","±692","11.1%","±1.3","118","±47","7.5%","±3.0","5,403","±741","12.8%","±1.7","1,133","±289","13.3%","±3.4","2,205","±417","10.1%","±1.9","2,081","±232","11.4%","±1.3","1,892","±369","10.7%","±2.1","1,348","±293","9.4%","±2.0","1,473","±302","13.4%","±2.7","516","±149","13.4%","±3.8","494","±158","12.3%","±3.9","300","±106","6.3%","±2.3"
"        $100,000 to $149,999","267,273","±4,502","14.8%","±0.2","2,748","±399","12.4%","±1.8","837","±234","10.7%","±2.9","9,111","±918","19.1%","±1.9","1,062","±238","12.0%","±2.7","1,757","±314","12.2%","±2.2","2,272","±282","16.5%","±2.0","476","±155","8.6%","±2.8","8,599","±699","16.9%","±1.4","11,654","±854","12.2%","±0.9","12,306","±1,158","15.8%","±1.5","416","±160","11.2%","±4.4","400","±142","19.8%","±7.2","340","±124","10.6%","±3.8","339","±97","6.6%","±1.9","454","±146","6.7%","±2.1","1,553","±260","14.8%","±2.4","24,731","±1,549","13.9%","±0.9","345","±128","13.2%","±4.9","1,121","±242","17.5%","±3.8","1,429","±287","11.4%","±2.3","777","±161","10.3%","±2.1","1,137","±224","15.3%","±2.9","4,066","±507","15.2%","±1.9","1,678","±351","14.9%","±3.0","725","±168","13.0%","±3.0","26,923","±1,313","15.2%","±0.7","1,766","±343","14.6%","±2.8","15,360","±1,089","15.2%","±1.1","6,712","±694","17.8%","±1.8","650","±183","12.9%","±3.6","2,014","±311","10.9%","±1.7","11,612","±1,064","21.7%","±2.0","219","±68","7.2%","±2.2","1,066","±247","10.9%","±2.6","2,016","±233","13.9%","±1.6","20,335","±729","13.1%","±0.5","8,211","±772","13.4%","±1.2","1,462","±282","17.8%","±3.5","1,428","±315","17.1%","±3.8","6,661","±730","13.6%","±1.4","487","±139","15.7%","±4.3","988","±204","13.6%","±2.7","1,152","±177","13.1%","±2.0","2,260","±319","13.9%","±2.0","3,512","±456","18.9%","±2.4","212","±108","5.1%","±2.5","987","±231","13.1%","±3.0","2,476","±437","16.3%","±2.9","3,862","±626","12.0%","±1.9","2,601","±355","13.3%","±1.8","2,788","±326","15.1%","±1.8","19,280","±1,223","18.3%","±1.2","6,755","±874","13.0%","±1.7","75","±45","4.8%","±2.9","7,366","±744","17.5%","±1.8","1,261","±306","14.8%","±3.5","3,994","±445","18.3%","±2.0","2,670","±248","14.6%","±1.3","1,680","±415","9.5%","±2.3","1,429","±260","10.0%","±1.8","2,683","±449","24.4%","±3.9","502","±150","13.0%","±3.9","714","±213","17.7%","±5.1","771","±243","16.1%","±4.9"
"        $150,000 to $199,999","131,787","±3,180","7.3%","±0.2","1,022","±252","4.6%","±1.1","586","±182","7.5%","±2.3","6,033","±680","12.7%","±1.4","540","±164","6.1%","±1.9","483","±191","3.3%","±1.3","1,533","±285","11.2%","±2.1","198","±84","3.6%","±1.5","4,114","±640","8.1%","±1.3","4,805","±634","5.0%","±0.7","6,387","±688","8.2%","±0.9","304","±135","8.2%","±3.5","149","±84","7.4%","±4.0","143","±101","4.5%","±3.1","96","±42","1.9%","±0.8","357","±106","5.3%","±1.6","817","±202","7.8%","±1.9","13,224","±1,048","7.5%","±0.6","55","±36","2.1%","±1.4","582","±175","9.1%","±2.6","607","±174","4.8%","±1.4","369","±112","4.9%","±1.5","636","±189","8.5%","±2.5","1,384","±297","5.2%","±1.1","863","±208","7.6%","±1.8","146","±75","2.6%","±1.3","13,652","±1,001","7.7%","±0.6","1,116","±279","9.2%","±2.3","8,987","±871","8.9%","±0.9","2,858","±417","7.6%","±1.1","456","±155","9.0%","±3.1","1,010","±211","5.5%","±1.1","5,699","±771","10.6%","±1.4","150","±56","4.9%","±1.8","483","±144","4.9%","±1.5","798","±159","5.5%","±1.1","9,287","±689","6.0%","±0.4","3,908","±561","6.4%","±0.9","1,121","±279","13.6%","±3.4","689","±193","8.3%","±2.3","3,558","±475","7.3%","±1.0","171","±74","5.5%","±2.4","431","±135","6.0%","±1.9","328","±75","3.7%","±0.9","919","±213","5.7%","±1.3","2,045","±399","11.0%","±2.1","237","±142","5.7%","±3.3","669","±175","8.9%","±2.3","844","±212","5.6%","±1.4","1,472","±285","4.6%","±0.9","1,596","±336","8.2%","±1.7","820","±192","4.4%","±1.0","9,996","±1,009","9.5%","±1.0","3,849","±596","7.4%","±1.1","5","±8","0.3%","±0.5","2,730","±423","6.5%","±1.0","253","±112","3.0%","±1.3","1,294","±300","5.9%","±1.4","1,229","±188","6.7%","±1.0","1,185","±308","6.7%","±1.7","483","±135","3.4%","±0.9","1,218","±345","11.1%","±3.2","158","±96","4.1%","±2.5","512","±164","12.7%","±4.1","138","±67","2.9%","±1.4"
"        $200,000 or more","140,842","±3,380","7.8%","±0.2","893","±213","4.0%","±1.0","133","±80","1.7%","±1.0","6,992","±879","14.7%","±1.8","507","±180","5.7%","±2.0","453","±179","3.1%","±1.2","769","±222","5.6%","±1.6","134","±57","2.4%","±1.0","3,914","±576","7.7%","±1.1","5,938","±654","6.2%","±0.7","7,102","±848","9.1%","±1.1","229","±120","6.2%","±3.2","180","±98","8.9%","±4.8","74","±59","2.3%","±1.8","94","±58","1.8%","±1.1","303","±107","4.5%","±1.6","488","±134","4.6%","±1.3","18,289","±1,391","10.3%","±0.8","48","±43","1.8%","±1.7","639","±147","10.0%","±2.3","442","±151","3.5%","±1.2","366","±134","4.9%","±1.8","400","±212","5.4%","±2.8","1,351","±314","5.0%","±1.2","677","±192","6.0%","±1.7","156","±74","2.8%","±1.3","15,285","±1,005","8.6%","±0.6","512","±192","4.2%","±1.6","9,137","±823","9.1%","±0.8","2,593","±361","6.9%","±1.0","317","±121","6.3%","±2.4","939","±212","5.1%","±1.2","3,543","±487","6.6%","±0.9","78","±39","2.6%","±1.3","276","±123","2.8%","±1.3","699","±131","4.8%","±0.9","16,041","±704","10.3%","±0.5","4,239","±571","6.9%","±0.9","771","±209","9.4%","±2.5","683","±196","8.2%","±2.3","3,099","±433","6.3%","±0.9","112","±69","3.6%","±2.3","426","±137","5.9%","±1.9","535","±169","6.1%","±1.9","1,140","±346","7.0%","±2.1","2,107","±302","11.3%","±1.7","167","±94","4.0%","±2.2","842","±160","11.2%","±2.1","831","±244","5.5%","±1.6","936","±221","2.9%","±0.7","982","±202","5.0%","±1.0","722","±207","3.9%","±1.1","13,213","±942","12.6%","±0.9","2,937","±450","5.6%","±0.9","28","±24","1.8%","±1.5","2,535","±416","6.0%","±1.0","229","±119","2.7%","±1.4","1,049","±200","4.8%","±0.9","647","±132","3.5%","±0.7","536","±214","3.0%","±1.2","493","±147","3.4%","±1.0","764","±224","7.0%","±2.0","230","±119","6.0%","±3.1","344","±127","8.5%","±3.2","254","±90","5.3%","±1.9"
"        Median household income (dollars)","60,756","±408","(X)","(X)","45,562","±2,361","(X)","(X)","46,469","±4,198","(X)","(X)","91,549","±5,417","(X)","(X)","51,423","±5,497","(X)","(X)","39,325","±4,623","(X)","(X)","65,944","±6,358","(X)","(X)","35,011","±3,199","(X)","(X)","69,617","±2,278","(X)","(X)","50,705","±1,788","(X)","(X)","67,564","±2,636","(X)","(X)","47,028","±6,721","(X)","(X)","75,278","±11,275","(X)","(X)","50,275","±5,505","(X)","(X)","32,831","±2,551","(X)","(X)","39,943","±5,516","(X)","(X)","48,578","±4,867","(X)","(X)","63,071","±2,142","(X)","(X)","33,341","±8,407","(X)","(X)","73,085","±8,674","(X)","(X)","41,915","±4,677","(X)","(X)","47,020","±4,584","(X)","(X)","64,016","±7,523","(X)","(X)","56,961","±4,681","(X)","(X)","54,000","±6,438","(X)","(X)","44,925","±3,582","(X)","(X)","65,252","±1,992","(X)","(X)","57,341","±8,418","(X)","(X)","67,451","±2,676","(X)","(X)","63,135","±3,744","(X)","(X)","68,497","±9,683","(X)","(X)","39,172","±4,326","(X)","(X)","80,122","±3,916","(X)","(X)","35,456","±4,475","(X)","(X)","39,454","±2,925","(X)","(X)","46,292","±2,441","(X)","(X)","56,631","±1,781","(X)","(X)","54,688","±2,311","(X)","(X)","86,315","±6,612","(X)","(X)","65,961","±5,777","(X)","(X)","54,967","±2,192","(X)","(X)","49,167","±6,013","(X)","(X)","53,544","±3,815","(X)","(X)","50,329","±6,849","(X)","(X)","58,651","±4,431","(X)","(X)","80,897","±7,419","(X)","(X)","41,934","±7,052","(X)","(X)","65,531","±4,784","(X)","(X)","66,630","±6,987","(X)","(X)","44,462","±2,416","(X)","(X)","55,960","±5,042","(X)","(X)","52,576","±3,030","(X)","(X)","81,202","±1,958","(X)","(X)","56,760","±2,614","(X)","(X)","36,615","±4,366","(X)","(X)","64,836","±3,879","(X)","(X)","42,885","±5,860","(X)","(X)","55,707","±3,692","(X)","(X)","57,270","±2,603","(X)","(X)","45,380","±3,664","(X)","(X)","41,182","±1,410","(X)","(X)","87,299","±6,685","(X)","(X)","49,134","±4,935","(X)","(X)","77,452","±10,524","(X)","(X)","48,871","±7,172","(X)","(X)"
"        Mean household income (dollars)","87,038","±686","(X)","(X)","66,194","±3,074","(X)","(X)","62,329","±4,832","(X)","(X)","113,485","±4,407","(X)","(X)","76,369","±6,601","(X)","(X)","62,189","±5,081","(X)","(X)","86,451","±4,671","(X)","(X)","59,588","±8,079","(X)","(X)","93,201","±4,312","(X)","(X)","77,319","±2,711","(X)","(X)","93,518","±3,499","(X)","(X)","70,333","±7,991","(X)","(X)","92,884","±10,465","(X)","(X)","61,815","±6,515","(X)","(X)","51,546","±8,085","(X)","(X)","65,333","±6,682","(X)","(X)","73,503","±4,698","(X)","(X)","95,663","±2,930","(X)","(X)","53,377","±6,557","(X)","(X)","96,908","±8,141","(X)","(X)","61,833","±3,358","(X)","(X)","69,255","±5,296","(X)","(X)","79,386","±6,239","(X)","(X)","77,605","±5,308","(X)","(X)","76,534","±6,379","(X)","(X)","62,592","±5,090","(X)","(X)","92,680","±2,978","(X)","(X)","75,913","±5,571","(X)","(X)","97,461","±2,721","(X)","(X)","84,949","±3,676","(X)","(X)","81,558","±6,743","(X)","(X)","66,113","±3,772","(X)","(X)","93,408","±3,573","(X)","(X)","56,376","±4,910","(X)","(X)","63,643","±6,684","(X)","(X)","68,591","±2,971","(X)","(X)","91,690","±1,846","(X)","(X)","80,881","±3,418","(X)","(X)","100,930","±7,962","(X)","(X)","86,618","±6,712","(X)","(X)","78,854","±2,492","(X)","(X)","67,301","±7,584","(X)","(X)","72,235","±5,763","(X)","(X)","70,912","±4,424","(X)","(X)","80,188","±6,019","(X)","(X)","100,861","±5,081","(X)","(X)","58,968","±8,004","(X)","(X)","95,062","±8,417","(X)","(X)","80,052","±4,614","(X)","(X)","62,943","±2,780","(X)","(X)","77,235","±4,204","(X)","(X)","71,245","±4,144","(X)","(X)","109,896","±3,236","(X)","(X)","80,166","±4,750","(X)","(X)","47,851","±6,442","(X)","(X)","85,262","±3,583","(X)","(X)","64,327","±4,485","(X)","(X)","76,639","±3,130","(X)","(X)","74,627","±2,942","(X)","(X)","65,215","±5,030","(X)","(X)","62,266","±3,927","(X)","(X)","101,837","±8,618","(X)","(X)","68,089","±5,802","(X)","(X)","104,166","±10,316","(X)","(X)","68,500","±6,639","(X)","(X)"
"        With earnings","1,337,330","±5,969","74.1%","±0.2","14,748","±643","66.7%","±2.6","5,319","±420","67.7%","±4.3","39,375","±895","82.6%","±1.4","6,014","±398","68.1%","±4.1","9,765","±481","67.6%","±2.6","9,933","±430","72.3%","±2.7","3,244","±241","58.4%","±3.6","39,192","±805","77.1%","±1.3","68,349","±1,245","71.4%","±1.1","58,704","±1,314","75.3%","±1.2","2,426","±280","65.3%","±5.6","1,502","±155","74.4%","±5.8","2,250","±234","70.3%","±5.0","2,728","±208","52.9%","±4.0","4,385","±383","64.7%","±4.2","6,974","±417","66.4%","±2.8","137,421","±2,066","77.5%","±1.0","1,823","±289","69.7%","±6.3","4,070","±327","63.6%","±3.7","8,504","±436","67.7%","±2.9","5,397","±328","71.7%","±3.2","5,404","±327","72.6%","±3.6","19,388","±709","72.3%","±2.1","7,580","±504","67.1%","±3.6","3,609","±298","64.7%","±4.0","136,062","±1,867","76.9%","±0.9","8,414","±460","69.7%","±2.9","79,206","±1,440","78.5%","±1.2","27,406","±680","72.6%","±1.6","3,526","±282","69.8%","±5.1","12,084","±664","65.4%","±3.3","42,184","±1,045","78.7%","±1.5","2,014","±213","66.0%","±5.4","6,514","±349","66.7%","±3.0","9,547","±449","65.8%","±2.3","114,862","±1,444","73.7%","±0.8","45,139","±1,021","73.4%","±1.3","6,596","±287","80.3%","±2.7","5,827","±361","69.9%","±3.3","36,152","±976","73.8%","±1.5","2,111","±215","68.1%","±4.6","5,012","±343","69.2%","±3.8","5,577","±341","63.5%","±2.8","12,157","±456","75.0%","±2.3","14,607","±481","78.5%","±2.0","2,603","±294","62.3%","±5.1","5,218","±315","69.2%","±3.4","11,479","±472","75.8%","±2.6","21,137","±632","65.7%","±1.9","13,865","±537","70.8%","±2.1","13,361","±558","72.4%","±2.2","81,430","±1,307","77.5%","±1.1","38,970","±1,123","74.9%","±1.8","882","±136","55.9%","±6.6","31,561","±996","74.9%","±2.0","5,551","±368","65.2%","±3.4","16,252","±540","74.6%","±1.7","13,901","±353","76.0%","±1.3","11,581","±549","65.4%","±2.6","9,425","±419","65.8%","±2.3","8,441","±433","76.9%","±3.0","2,446","±192","63.5%","±3.9","3,029","±234","75.2%","±4.8","3,097","±270","64.7%","±4.4"
"            Mean earnings (dollars)","91,392","±698","(X)","(X)","76,858","±4,076","(X)","(X)","65,791","±5,844","(X)","(X)","115,780","±5,101","(X)","(X)","89,514","±8,350","(X)","(X)","66,973","±6,161","(X)","(X)","90,939","±5,104","(X)","(X)","70,575","±13,153","(X)","(X)","92,199","±4,272","(X)","(X)","79,601","±3,130","(X)","(X)","97,883","±3,771","(X)","(X)","70,926","±7,448","(X)","(X)","96,851","±10,824","(X)","(X)","59,879","±7,572","(X)","(X)","55,146","±7,726","(X)","(X)","70,994","±9,695","(X)","(X)","78,643","±5,828","(X)","(X)","97,439","±2,688","(X)","(X)","51,351","±8,058","(X)","(X)","114,955","±11,086","(X)","(X)","69,671","±4,878","(X)","(X)","73,717","±7,952","(X)","(X)","87,192","±8,331","(X)","(X)","83,221","±7,713","(X)","(X)","91,496","±7,300","(X)","(X)","68,941","±7,462","(X)","(X)","91,104","±1,919","(X)","(X)","85,827","±6,856","(X)","(X)","102,404","±3,632","(X)","(X)","91,534","±4,543","(X)","(X)","90,798","±8,222","(X)","(X)","72,976","±5,799","(X)","(X)","95,946","±3,722","(X)","(X)","61,023","±6,331","(X)","(X)","70,208","±9,740","(X)","(X)","75,978","±3,463","(X)","(X)","98,258","±2,279","(X)","(X)","89,022","±4,371","(X)","(X)","105,029","±9,092","(X)","(X)","93,540","±9,632","(X)","(X)","81,466","±3,042","(X)","(X)","68,711","±8,643","(X)","(X)","80,124","±6,878","(X)","(X)","76,584","±5,369","(X)","(X)","86,790","±7,199","(X)","(X)","101,792","±5,971","(X)","(X)","63,628","±10,452","(X)","(X)","104,452","±10,898","(X)","(X)","79,817","±5,329","(X)","(X)","70,479","±3,470","(X)","(X)","84,552","±4,969","(X)","(X)","76,335","±5,511","(X)","(X)","112,003","±3,402","(X)","(X)","84,489","±5,212","(X)","(X)","41,956","±6,003","(X)","(X)","88,974","±4,037","(X)","(X)","69,739","±6,209","(X)","(X)","78,632","±3,891","(X)","(X)","74,414","±3,817","(X)","(X)","67,330","±5,131","(X)","(X)","61,225","±4,478","(X)","(X)","109,786","±11,465","(X)","(X)","76,985","±8,120","(X)","(X)","110,673","±11,222","(X)","(X)","81,714","±8,258","(X)","(X)"
"        With Social Security","574,501","±4,396","31.8%","±0.2","7,592","±427","34.4%","±1.9","2,314","±181","29.5%","±2.4","11,907","±651","25.0%","±1.4","3,257","±263","36.9%","±3.0","5,351","±344","37.1%","±2.4","4,618","±309","33.6%","±2.2","2,267","±174","40.8%","±3.1","14,911","±645","29.3%","±1.3","32,675","±877","34.1%","±0.9","26,188","±1,094","33.6%","±1.3","1,577","±149","42.4%","±4.2","739","±120","36.6%","±5.4","1,019","±138","31.8%","±5.2","2,469","±222","47.9%","±4.0","2,711","±217","40.0%","±3.6","4,188","±271","39.9%","±2.7","46,628","±1,292","26.3%","±0.7","943","±141","36.0%","±6.1","2,449","±272","38.3%","±4.1","4,276","±318","34.0%","±2.5","2,755","±231","36.6%","±3.2","2,647","±245","35.6%","±3.2","9,456","±535","35.3%","±2.0","3,242","±278","28.7%","±2.6","2,206","±203","39.6%","±3.7","58,469","±1,269","33.0%","±0.7","4,613","±355","38.2%","±3.1","26,913","±844","26.7%","±0.9","12,380","±568","32.8%","±1.5","1,752","±202","34.7%","±3.9","5,032","±368","27.2%","±2.0","16,381","±814","30.6%","±1.5","1,193","±131","39.1%","±4.2","3,638","±275","37.2%","±2.9","5,228","±250","36.0%","±1.9","44,435","±1,025","28.5%","±0.6","18,736","±702","30.5%","±1.1","2,152","±243","26.2%","±3.0","3,262","±256","39.1%","±2.9","16,165","±630","33.0%","±1.3","1,397","±165","45.1%","±5.1","2,716","±209","37.5%","±3.0","3,533","±211","40.2%","±2.5","4,721","±329","29.1%","±2.0","5,867","±371","31.5%","±2.0","1,662","±254","39.8%","±5.5","2,767","±224","36.7%","±3.0","5,253","±408","34.7%","±2.6","11,476","±649","35.7%","±2.0","7,047","±411","36.0%","±2.0","6,622","±416","35.9%","±2.2","34,549","±1,132","32.9%","±1.1","17,447","±766","33.6%","±1.5","933","±82","59.1%","±5.0","13,732","±558","32.6%","±1.4","3,235","±290","38.0%","±3.5","7,279","±384","33.4%","±1.7","5,319","±258","29.1%","±1.2","6,714","±386","37.9%","±2.1","5,823","±359","40.6%","±2.3","3,150","±245","28.7%","±2.3","1,568","±144","40.7%","±3.8","1,192","±170","29.6%","±4.1","1,765","±196","36.8%","±3.9"
"            Mean Social Security income (dollars)","21,191","±141","(X)","(X)","19,906","±1,143","(X)","(X)","19,855","±1,876","(X)","(X)","24,611","±1,415","(X)","(X)","22,265","±1,490","(X)","(X)","18,220","±1,141","(X)","(X)","22,880","±1,108","(X)","(X)","17,720","±1,319","(X)","(X)","21,814","±1,150","(X)","(X)","19,800","±528","(X)","(X)","22,939","±864","(X)","(X)","21,580","±2,216","(X)","(X)","24,074","±4,221","(X)","(X)","18,930","±2,257","(X)","(X)","16,981","±1,074","(X)","(X)","18,325","±1,389","(X)","(X)","18,874","±1,556","(X)","(X)","21,355","±553","(X)","(X)","17,818","±2,107","(X)","(X)","22,259","±1,664","(X)","(X)","19,348","±1,232","(X)","(X)","19,713","±1,504","(X)","(X)","19,466","±1,350","(X)","(X)","20,947","±848","(X)","(X)","21,430","±2,207","(X)","(X)","20,992","±1,889","(X)","(X)","22,552","±499","(X)","(X)","20,598","±1,356","(X)","(X)","22,909","±970","(X)","(X)","22,802","±842","(X)","(X)","22,521","±2,556","(X)","(X)","19,659","±1,211","(X)","(X)","22,857","±858","(X)","(X)","17,331","±1,923","(X)","(X)","17,566","±1,304","(X)","(X)","19,993","±926","(X)","(X)","19,078","±526","(X)","(X)","19,589","±799","(X)","(X)","21,631","±1,911","(X)","(X)","19,813","±1,559","(X)","(X)","19,854","±946","(X)","(X)","19,683","±2,135","(X)","(X)","20,775","±1,471","(X)","(X)","22,299","±1,166","(X)","(X)","18,810","±1,050","(X)","(X)","24,087","±1,429","(X)","(X)","18,219","±2,078","(X)","(X)","24,452","±2,035","(X)","(X)","21,781","±1,237","(X)","(X)","19,613","±936","(X)","(X)","20,928","±977","(X)","(X)","20,539","±868","(X)","(X)","23,448","±621","(X)","(X)","20,835","±960","(X)","(X)","18,292","±1,943","(X)","(X)","21,849","±998","(X)","(X)","20,555","±1,656","(X)","(X)","20,948","±1,347","(X)","(X)","18,964","±878","(X)","(X)","19,116","±1,318","(X)","(X)","19,333","±1,163","(X)","(X)","21,157","±2,238","(X)","(X)","18,261","±2,099","(X)","(X)","21,353","±2,695","(X)","(X)","20,781","±1,933","(X)","(X)"
"        With retirement income","392,607","±5,264","21.8%","±0.3","3,809","±479","17.2%","±2.1","1,955","±252","24.9%","±3.1","10,283","±714","21.6%","±1.5","1,730","±275","19.6%","±3.1","3,455","±397","23.9%","±2.7","3,926","±390","28.6%","±2.8","1,281","±189","23.1%","±3.4","12,642","±692","24.9%","±1.4","21,939","±1,244","22.9%","±1.3","17,893","±1,233","23.0%","±1.5","780","±168","21.0%","±4.3","406","±118","20.1%","±6.0","704","±175","22.0%","±5.1","1,427","±199","27.7%","±3.9","1,575","±238","23.2%","±3.4","2,484","±270","23.6%","±2.5","37,345","±1,376","21.1%","±0.8","455","±136","17.4%","±5.2","2,291","±248","35.8%","±3.8","2,755","±405","21.9%","±3.3","1,890","±271","25.1%","±3.6","1,572","±194","21.1%","±2.5","5,457","±414","20.3%","±1.6","2,784","±299","24.6%","±2.6","1,489","±227","26.7%","±4.3","41,110","±1,462","23.2%","±0.8","2,280","±297","18.9%","±2.4","17,210","±973","17.1%","±0.9","7,550","±597","20.0%","±1.5","1,313","±290","26.0%","±5.6","3,895","±280","21.1%","±1.5","12,217","±910","22.8%","±1.7","498","±112","16.3%","±3.7","2,457","±262","25.2%","±2.6","3,311","±197","22.8%","±1.3","29,068","±1,106","18.7%","±0.7","11,302","±669","18.4%","±1.1","1,542","±235","18.8%","±2.9","2,030","±243","24.4%","±2.9","11,134","±676","22.7%","±1.3","615","±115","19.8%","±3.9","1,422","±226","19.6%","±3.0","1,961","±187","22.3%","±2.2","3,026","±306","18.7%","±1.9","5,235","±459","28.1%","±2.5","935","±214","22.4%","±4.7","2,342","±250","31.0%","±3.3","4,812","±476","31.8%","±3.0","6,073","±510","18.9%","±1.6","3,729","±361","19.0%","±1.9","3,921","±349","21.2%","±2.0","27,224","±1,241","25.9%","±1.1","9,188","±743","17.7%","±1.4","411","±84","26.0%","±5.4","8,646","±721","20.5%","±1.7","2,006","±244","23.6%","±3.0","4,235","±425","19.4%","±1.9","3,887","±291","21.2%","±1.6","4,387","±437","24.8%","±2.6","3,565","±252","24.9%","±1.8","2,868","±333","26.1%","±3.2","745","±158","19.4%","±4.0","1,099","±179","27.3%","±4.3","1,031","±222","21.5%","±4.4"
"            Mean retirement income (dollars)","29,728","±526","(X)","(X)","23,327","±2,778","(X)","(X)","30,730","±7,596","(X)","(X)","32,396","±2,518","(X)","(X)","20,493","±3,836","(X)","(X)","26,807","±3,288","(X)","(X)","28,066","±2,438","(X)","(X)","24,606","±3,559","(X)","(X)","34,544","±3,619","(X)","(X)","27,912","±1,910","(X)","(X)","25,878","±1,702","(X)","(X)","23,682","±6,016","(X)","(X)","30,725","±11,037","(X)","(X)","38,012","±8,936","(X)","(X)","26,541","±11,359","(X)","(X)","26,656","±4,838","(X)","(X)","21,634","±2,446","(X)","(X)","35,243","±1,946","(X)","(X)","32,203","±28,320","(X)","(X)","30,843","±5,365","(X)","(X)","21,395","±2,599","(X)","(X)","20,710","±3,259","(X)","(X)","24,443","±4,546","(X)","(X)","27,039","±4,922","(X)","(X)","23,190","±3,012","(X)","(X)","23,741","±2,624","(X)","(X)","30,316","±2,145","(X)","(X)","25,202","±3,525","(X)","(X)","30,685","±2,425","(X)","(X)","29,554","±2,885","(X)","(X)","24,324","±5,226","(X)","(X)","30,474","±3,767","(X)","(X)","30,713","±3,473","(X)","(X)","30,401","±5,734","(X)","(X)","23,681","±3,766","(X)","(X)","29,947","±2,404","(X)","(X)","31,606","±1,722","(X)","(X)","27,112","±2,588","(X)","(X)","29,618","±4,170","(X)","(X)","27,947","±4,247","(X)","(X)","30,976","±2,968","(X)","(X)","22,276","±5,620","(X)","(X)","24,225","±4,005","(X)","(X)","25,851","±2,929","(X)","(X)","30,428","±7,393","(X)","(X)","30,542","±3,957","(X)","(X)","28,024","±8,411","(X)","(X)","29,279","±4,519","(X)","(X)","27,419","±5,376","(X)","(X)","26,280","±3,321","(X)","(X)","23,274","±2,557","(X)","(X)","21,914","±3,378","(X)","(X)","33,582","±2,977","(X)","(X)","27,657","±2,087","(X)","(X)","24,811","±6,021","(X)","(X)","26,956","±4,084","(X)","(X)","26,803","±5,076","(X)","(X)","30,203","±6,310","(X)","(X)","30,107","±2,664","(X)","(X)","24,768","±3,081","(X)","(X)","30,149","±8,393","(X)","(X)","29,299","±5,031","(X)","(X)","31,557","±9,454","(X)","(X)","37,454","±13,871","(X)","(X)","19,366","±4,122","(X)","(X)"
"        With Supplemental Security Income","131,076","±3,170","7.3%","±0.2","2,566","±489","11.6%","±2.2","680","±263","8.7%","±3.3","2,032","±574","4.3%","±1.2","541","±229","6.1%","±2.6","1,188","±269","8.2%","±1.8","866","±168","6.3%","±1.2","702","±181","12.6%","±3.1","3,237","±585","6.4%","±1.1","8,748","±825","9.1%","±0.8","4,301","±599","5.5%","±0.8","712","±194","19.2%","±5.3","198","±113","9.8%","±5.4","219","±94","6.8%","±2.9","964","±224","18.7%","±4.1","730","±237","10.8%","±3.4","1,402","±323","13.3%","±3.1","9,331","±775","5.3%","±0.4","135","±68","5.2%","±2.6","524","±172","8.2%","±2.6","1,417","±308","11.3%","±2.4","603","±194","8.0%","±2.6","543","±163","7.3%","±2.2","1,921","±407","7.2%","±1.5","720","±175","6.4%","±1.5","512","±161","9.2%","±2.9","11,290","±1,080","6.4%","±0.6","951","±271","7.9%","±2.2","5,032","±655","5.0%","±0.7","3,279","±470","8.7%","±1.2","548","±185","10.9%","±3.7","2,257","±537","12.2%","±2.9","2,582","±401","4.8%","±0.8","431","±113","14.1%","±3.5","753","±191","7.7%","±2.0","1,511","±271","10.4%","±1.9","12,900","±1,055","8.3%","±0.7","5,070","±585","8.2%","±1.0","414","±155","5.0%","±1.9","485","±148","5.8%","±1.8","4,165","±551","8.5%","±1.1","412","±127","13.3%","±4.2","818","±223","11.3%","±3.0","901","±166","10.3%","±1.9","1,327","±251","8.2%","±1.6","1,128","±267","6.1%","±1.5","693","±186","16.6%","±4.5","506","±173","6.7%","±2.2","1,063","±295","7.0%","±2.0","3,974","±449","12.3%","±1.4","1,398","±283","7.1%","±1.4","1,677","±341","9.1%","±1.9","4,825","±598","4.6%","±0.6","3,551","±534","6.8%","±1.0","161","±49","10.2%","±3.0","2,792","±534","6.6%","±1.3","726","±228","8.5%","±2.7","1,642","±388","7.5%","±1.8","1,016","±212","5.6%","±1.2","2,132","±352","12.0%","±2.0","2,274","±347","15.9%","±2.5","631","±208","5.7%","±1.9","330","±121","8.6%","±3.1","203","±92","5.0%","±2.3","436","±128","9.1%","±2.6"
"            Mean Supplemental Security Income (dollars)","11,218","±181","(X)","(X)","11,027","±1,102","(X)","(X)","12,246","±2,673","(X)","(X)","12,188","±1,945","(X)","(X)","12,542","±3,353","(X)","(X)","9,446","±805","(X)","(X)","10,983","±1,622","(X)","(X)","9,735","±781","(X)","(X)","11,841","±996","(X)","(X)","11,086","±865","(X)","(X)","11,494","±880","(X)","(X)","10,381","±1,129","(X)","(X)","12,126","±3,601","(X)","(X)","13,507","±4,352","(X)","(X)","8,364","±1,020","(X)","(X)","11,470","±2,175","(X)","(X)","12,347","±1,675","(X)","(X)","11,112","±493","(X)","(X)","14,573","±4,796","(X)","(X)","13,236","±2,477","(X)","(X)","10,119","±883","(X)","(X)","9,056","±1,478","(X)","(X)","10,036","±1,519","(X)","(X)","10,429","±1,744","(X)","(X)","13,573","±2,514","(X)","(X)","10,691","±1,644","(X)","(X)","11,917","±942","(X)","(X)","13,688","±1,783","(X)","(X)","11,362","±954","(X)","(X)","11,799","±946","(X)","(X)","9,872","±2,000","(X)","(X)","9,932","±1,052","(X)","(X)","10,335","±971","(X)","(X)","11,553","±1,749","(X)","(X)","11,766","±2,110","(X)","(X)","10,025","±739","(X)","(X)","10,169","±524","(X)","(X)","10,855","±985","(X)","(X)","14,108","±4,044","(X)","(X)","11,048","±2,524","(X)","(X)","12,069","±1,082","(X)","(X)","10,974","±1,374","(X)","(X)","12,777","±1,838","(X)","(X)","10,968","±955","(X)","(X)","12,032","±1,391","(X)","(X)","13,744","±1,582","(X)","(X)","10,516","±1,355","(X)","(X)","10,195","±2,170","(X)","(X)","9,505","±1,009","(X)","(X)","11,761","±770","(X)","(X)","10,955","±1,454","(X)","(X)","12,347","±1,284","(X)","(X)","11,192","±1,045","(X)","(X)","10,834","±1,034","(X)","(X)","10,232","±2,718","(X)","(X)","12,253","±1,367","(X)","(X)","9,058","±1,734","(X)","(X)","12,338","±1,493","(X)","(X)","10,520","±796","(X)","(X)","11,286","±1,441","(X)","(X)","12,158","±1,293","(X)","(X)","9,981","±2,217","(X)","(X)","11,386","±2,646","(X)","(X)","10,693","±986","(X)","(X)","9,844","±1,189","(X)","(X)"
"        With cash public assistance income","30,967","±1,513","1.7%","±0.1","267","±131","1.2%","±0.6","93","±52","1.2%","±0.7","938","±398","2.0%","±0.8","219","±157","2.5%","±1.8","162","±89","1.1%","±0.6","203","±99","1.5%","±0.7","113","±84","2.0%","±1.5","790","±269","1.6%","±0.5","1,893","±491","2.0%","±0.5","1,347","±317","1.7%","±0.4","6","±11","0.2%","±0.3","96","±74","4.8%","±3.6","0","±20","0.0%","±1.4","186","±91","3.6%","±1.7","51","±39","0.8%","±0.6","244","±111","2.3%","±1.0","2,593","±474","1.5%","±0.3","61","±58","2.3%","±2.3","8","±8","0.1%","±0.1","132","±77","1.1%","±0.6","241","±146","3.2%","±1.9","40","±27","0.5%","±0.4","380","±165","1.4%","±0.6","235","±144","2.1%","±1.3","228","±115","4.1%","±2.0","3,586","±610","2.0%","±0.3","212","±108","1.8%","±0.9","861","±263","0.9%","±0.3","522","±162","1.4%","±0.4","155","±109","3.1%","±2.2","205","±123","1.1%","±0.7","754","±198","1.4%","±0.4","40","±40","1.3%","±1.3","418","±199","4.3%","±2.0","512","±118","3.5%","±0.8","3,059","±550","2.0%","±0.4","2,830","±499","4.6%","±0.8","150","±98","1.8%","±1.2","20","±27","0.2%","±0.3","588","±193","1.2%","±0.4","42","±42","1.4%","±1.3","258","±105","3.6%","±1.5","174","±89","2.0%","±1.0","494","±154","3.0%","±1.0","84","±64","0.5%","±0.3","15","±26","0.4%","±0.6","294","±146","3.9%","±1.9","267","±127","1.8%","±0.8","390","±141","1.2%","±0.4","177","±102","0.9%","±0.5","155","±85","0.8%","±0.5","1,171","±342","1.1%","±0.3","317","±127","0.6%","±0.2","25","±23","1.6%","±1.4","753","±243","1.8%","±0.6","278","±151","3.3%","±1.8","202","±147","0.9%","±0.7","147","±57","0.8%","±0.3","297","±136","1.7%","±0.8","427","±169","3.0%","±1.2","216","±149","2.0%","±1.4","245","±115","6.4%","±2.9","11","±17","0.3%","±0.4","90","±54","1.9%","±1.1"
"            Mean cash public assistance income (dollars)","3,866","±283","(X)","(X)","4,566","±2,602","(X)","(X)","1,366","±1,422","(X)","(X)","6,448","±2,119","(X)","(X)","3,251","±2,141","(X)","(X)","4,394","±1,767","(X)","(X)","4,500","±2,649","(X)","(X)","2,879","±1,655","(X)","(X)","3,708","±1,918","(X)","(X)","4,071","±830","(X)","(X)","4,990","±2,413","(X)","(X)","N","N","(X)","(X)","7,041","±3,441","(X)","(X)","-","**","(X)","(X)","959","±192","(X)","(X)","4,253","±5,131","(X)","(X)","3,277","±1,450","(X)","(X)","3,815","±1,051","(X)","(X)","2,323","±1,869","(X)","(X)","1,338","±1,446","(X)","(X)","5,654","±4,924","(X)","(X)","4,215","±2,952","(X)","(X)","3,390","±1,845","(X)","(X)","4,522","±2,205","(X)","(X)","3,229","±1,016","(X)","(X)","4,135","±2,128","(X)","(X)","3,624","±657","(X)","(X)","2,108","±1,590","(X)","(X)","4,892","±1,097","(X)","(X)","4,594","±2,165","(X)","(X)","2,119","±1,330","(X)","(X)","2,554","±1,090","(X)","(X)","3,525","±1,243","(X)","(X)","2,555","±2,942","(X)","(X)","1,572","±1,158","(X)","(X)","3,130","±795","(X)","(X)","4,692","±743","(X)","(X)","2,611","±789","(X)","(X)","6,451","±3,500","(X)","(X)","975","±1,444","(X)","(X)","2,187","±829","(X)","(X)","4,429","±5,529","(X)","(X)","1,352","±693","(X)","(X)","9,631","±5,140","(X)","(X)","4,257","±1,363","(X)","(X)","2,418","±2,016","(X)","(X)","693","±636","(X)","(X)","3,743","±1,340","(X)","(X)","2,590","±1,512","(X)","(X)","3,614","±1,611","(X)","(X)","3,981","±2,284","(X)","(X)","10,726","±9,367","(X)","(X)","3,643","±1,071","(X)","(X)","4,071","±2,199","(X)","(X)","1,252","±1,121","(X)","(X)","3,578","±1,005","(X)","(X)","2,492","±913","(X)","(X)","2,797","±1,557","(X)","(X)","5,134","±2,170","(X)","(X)","2,549","±840","(X)","(X)","5,077","±2,762","(X)","(X)","2,503","±2,069","(X)","(X)","2,810","±1,855","(X)","(X)","N","N","(X)","(X)","6,197","±6,265","(X)","(X)"
"        With Food Stamp/SNAP benefits in the past 12 months","312,610","±4,501","17.3%","±0.2","5,390","±478","24.4%","±2.1","2,080","±309","26.5%","±3.9","5,793","±763","12.2%","±1.6","1,755","±337","19.9%","±3.7","4,032","±431","27.9%","±3.0","2,411","±319","17.5%","±2.3","1,274","±214","22.9%","±3.6","5,389","±544","10.6%","±1.0","20,674","±1,279","21.6%","±1.3","12,201","±861","15.7%","±1.1","873","±216","23.5%","±5.6","173","±105","8.6%","±5.1","617","±159","19.3%","±4.8","1,743","±233","33.8%","±3.9","1,821","±269","26.9%","±3.6","2,114","±342","20.1%","±3.2","28,210","±1,538","15.9%","±0.9","775","±240","29.6%","±7.8","929","±194","14.5%","±2.9","3,917","±391","31.2%","±3.2","1,845","±286","24.5%","±3.5","1,377","±246","18.5%","±3.4","6,394","±620","23.8%","±2.2","2,381","±355","21.1%","±3.1","848","±159","15.2%","±2.7","24,876","±1,497","14.1%","±0.8","2,449","±343","20.3%","±2.7","12,598","±929","12.5%","±0.9","6,431","±659","17.0%","±1.7","842","±224","16.7%","±4.3","4,411","±521","23.9%","±2.7","6,983","±899","13.0%","±1.7","929","±158","30.4%","±4.7","2,932","±356","30.0%","±3.4","2,833","±305","19.5%","±1.9","28,835","±1,293","18.5%","±0.8","12,151","±834","19.8%","±1.3","1,215","±297","14.8%","±3.5","1,004","±214","12.0%","±2.6","9,348","±709","19.1%","±1.4","776","±152","25.0%","±4.7","1,778","±214","24.6%","±2.9","1,936","±229","22.0%","±2.4","4,072","±439","25.1%","±2.7","1,920","±295","10.3%","±1.6","1,281","±258","30.7%","±6.2","1,060","±259","14.1%","±3.4","3,057","±485","20.2%","±3.1","6,975","±620","21.7%","±1.8","3,987","±536","20.4%","±2.7","4,204","±468","22.8%","±2.4","9,460","±1,056","9.0%","±1.0","11,015","±1,022","21.2%","±1.9","502","±97","31.8%","±6.1","6,875","±580","16.3%","±1.4","1,733","±300","20.4%","±3.3","3,893","±513","17.9%","±2.3","2,677","±281","14.6%","±1.5","4,989","±525","28.2%","±2.9","3,870","±302","27.0%","±2.1","1,360","±270","12.4%","±2.5","887","±179","23.0%","±4.4","571","±171","14.2%","±4.1","879","±182","18.4%","±3.8"
"    Families","1,130,826","±6,519","1,130,826","(X)","13,902","±597","13,902","(X)","5,200","±370","5,200","(X)","35,527","±1,072","35,527","(X)","5,869","±377","5,869","(X)","9,017","±495","9,017","(X)","9,410","±485","9,410","(X)","3,057","±319","3,057","(X)","31,981","±1,034","31,981","(X)","56,367","±1,299","56,367","(X)","50,387","±1,509","50,387","(X)","2,391","±286","2,391","(X)","1,654","±159","1,654","(X)","2,246","±234","2,246","(X)","2,807","±220","2,807","(X)","4,520","±359","4,520","(X)","7,066","±458","7,066","(X)","103,260","±2,200","103,260","(X)","1,650","±227","1,650","(X)","4,117","±284","4,117","(X)","7,963","±451","7,963","(X)","5,206","±348","5,206","(X)","4,971","±320","4,971","(X)","17,894","±742","17,894","(X)","7,359","±492","7,359","(X)","3,630","±279","3,630","(X)","105,366","±1,906","105,366","(X)","8,235","±462","8,235","(X)","62,973","±1,410","62,973","(X)","26,049","±868","26,049","(X)","3,483","±279","3,483","(X)","10,092","±549","10,092","(X)","38,302","±989","38,302","(X)","1,882","±202","1,882","(X)","6,067","±390","6,067","(X)","8,245","±403","8,245","(X)","74,896","±1,324","74,896","(X)","39,084","±1,062","39,084","(X)","6,160","±318","6,160","(X)","5,033","±382","5,033","(X)","31,200","±1,009","31,200","(X)","2,084","±192","2,084","(X)","5,270","±327","5,270","(X)","5,854","±334","5,854","(X)","10,787","±448","10,787","(X)","13,466","±501","13,466","(X)","2,194","±347","2,194","(X)","5,251","±265","5,251","(X)","10,494","±531","10,494","(X)","20,297","±753","20,297","(X)","13,081","±672","13,081","(X)","11,995","±603","11,995","(X)","73,620","±1,474","73,620","(X)","33,632","±1,022","33,632","(X)","835","±123","835","(X)","28,851","±1,060","28,851","(X)","5,378","±357","5,378","(X)","15,064","±599","15,064","(X)","12,599","±450","12,599","(X)","10,889","±689","10,889","(X)","9,324","±379","9,324","(X)","7,019","±516","7,019","(X)","2,496","±224","2,496","(X)","2,854","±253","2,854","(X)","2,974","±299","2,974","(X)"
"        Less than $10,000","52,548","±1,991","4.6%","±0.2","895","±239","6.4%","±1.7","493","±186","9.5%","±3.5","702","±265","2.0%","±0.7","237","±132","4.0%","±2.2","618","±176","6.9%","±1.9","258","±99","2.7%","±1.0","114","±68","3.7%","±2.1","1,045","±333","3.3%","±1.0","2,765","±458","4.9%","±0.8","1,991","±493","4.0%","±1.0","221","±118","9.2%","±4.7","68","±65","4.1%","±4.0","61","±42","2.7%","±1.9","197","±84","7.0%","±2.8","424","±182","9.4%","±3.7","289","±170","4.1%","±2.4","5,433","±826","5.3%","±0.8","228","±167","13.8%","±9.1","120","±90","2.9%","±2.2","286","±119","3.6%","±1.5","194","±96","3.7%","±1.8","156","±62","3.1%","±1.3","1,076","±274","6.0%","±1.5","620","±266","8.4%","±3.5","207","±106","5.7%","±3.0","4,258","±588","4.0%","±0.6","227","±114","2.8%","±1.4","2,768","±571","4.4%","±0.9","1,280","±249","4.9%","±0.9","107","±62","3.1%","±1.8","610","±194","6.0%","±1.9","1,143","±293","3.0%","±0.8","87","±42","4.6%","±2.2","450","±170","7.4%","±2.7","571","±137","6.9%","±1.5","4,567","±587","6.1%","±0.8","2,330","±442","6.0%","±1.1","233","±145","3.8%","±2.3","210","±86","4.2%","±1.6","1,537","±305","4.9%","±0.9","114","±75","5.5%","±3.5","428","±139","8.1%","±2.6","366","±115","6.3%","±1.9","606","±197","5.6%","±1.8","212","±114","1.6%","±0.8","84","±80","3.8%","±3.7","153","±97","2.9%","±1.8","273","±143","2.6%","±1.3","1,605","±312","7.9%","±1.5","427","±157","3.3%","±1.2","726","±221","6.1%","±1.8","1,944","±454","2.6%","±0.6","1,851","±482","5.5%","±1.4","74","±42","8.9%","±4.8","1,408","±326","4.9%","±1.1","545","±182","10.1%","±3.2","675","±253","4.5%","±1.7","447","±115","3.5%","±0.9","744","±278","6.8%","±2.5","281","±85","3.0%","±0.9","177","±119","2.5%","±1.7","69","±46","2.8%","±1.8","52","±37","1.8%","±1.3","211","±108","7.1%","±3.8"
"        $10,000 to $14,999","33,328","±1,485","2.9%","±0.1","691","±227","5.0%","±1.6","114","±81","2.2%","±1.6","550","±262","1.5%","±0.7","128","±75","2.2%","±1.3","665","±223","7.4%","±2.4","151","±99","1.6%","±1.0","215","±95","7.0%","±2.9","742","±243","2.3%","±0.8","2,164","±484","3.8%","±0.8","1,035","±291","2.1%","±0.6","50","±68","2.1%","±2.8","0","±20","0.0%","±2.7","82","±65","3.7%","±2.8","133","±113","4.7%","±3.9","117","±76","2.6%","±1.7","116","±50","1.6%","±0.7","3,097","±746","3.0%","±0.7","74","±53","4.5%","±3.3","69","±52","1.7%","±1.3","197","±108","2.5%","±1.3","242","±87","4.6%","±1.6","138","±82","2.8%","±1.6","511","±189","2.9%","±1.0","196","±140","2.7%","±1.9","59","±42","1.6%","±1.2","2,635","±458","2.5%","±0.4","214","±106","2.6%","±1.3","1,576","±399","2.5%","±0.6","643","±211","2.5%","±0.8","97","±71","2.8%","±2.0","698","±300","6.9%","±2.9","916","±298","2.4%","±0.8","167","±89","8.9%","±4.4","175","±93","2.9%","±1.5","389","±108","4.7%","±1.3","2,707","±436","3.6%","±0.6","1,676","±400","4.3%","±1.0","62","±58","1.0%","±0.9","209","±123","4.2%","±2.4","905","±244","2.9%","±0.8","29","±43","1.4%","±2.0","142","±92","2.7%","±1.7","254","±110","4.3%","±1.8","325","±128","3.0%","±1.2","307","±175","2.3%","±1.3","294","±176","13.4%","±7.4","105","±83","2.0%","±1.6","253","±138","2.4%","±1.3","941","±246","4.6%","±1.2","305","±157","2.3%","±1.2","678","±275","5.7%","±2.2","1,263","±313","1.7%","±0.4","867","±257","2.6%","±0.8","93","±47","11.1%","±5.6","594","±287","2.1%","±1.0","138","±109","2.6%","±2.0","608","±194","4.0%","±1.3","518","±152","4.1%","±1.2","334","±155","3.1%","±1.4","344","±168","3.7%","±1.8","158","±119","2.3%","±1.7","19","±20","0.8%","±0.8","63","±36","2.2%","±1.3","91","±59","3.1%","±2.0"
"        $15,000 to $24,999","71,899","±1,909","6.4%","±0.2","998","±219","7.2%","±1.6","468","±194","9.0%","±3.7","1,404","±425","4.0%","±1.2","232","±106","4.0%","±1.8","947","±199","10.5%","±2.2","746","±221","7.9%","±2.4","446","±152","14.6%","±4.9","1,106","±268","3.5%","±0.8","5,199","±733","9.2%","±1.3","3,037","±554","6.0%","±1.1","97","±67","4.1%","±2.8","65","±48","3.9%","±2.8","222","±90","9.9%","±4.0","242","±100","8.6%","±3.3","580","±174","12.8%","±3.7","664","±182","9.4%","±2.5","5,725","±784","5.5%","±0.8","133","±79","8.1%","±5.0","290","±132","7.0%","±3.1","1,065","±273","13.4%","±3.4","301","±140","5.8%","±2.7","257","±112","5.2%","±2.2","1,354","±337","7.6%","±1.8","302","±161","4.1%","±2.2","334","±99","9.2%","±2.6","5,855","±804","5.6%","±0.7","602","±200","7.3%","±2.3","3,356","±503","5.3%","±0.8","1,407","±333","5.4%","±1.2","165","±97","4.7%","±2.8","755","±241","7.5%","±2.3","1,693","±509","4.4%","±1.3","77","±35","4.1%","±1.8","646","±224","10.6%","±3.6","555","±121","6.7%","±1.4","5,141","±516","6.9%","±0.7","3,317","±479","8.5%","±1.2","281","±110","4.6%","±1.8","228","±93","4.5%","±1.8","2,336","±499","7.5%","±1.5","138","±76","6.6%","±3.5","398","±127","7.6%","±2.3","352","±102","6.0%","±1.7","844","±193","7.8%","±1.8","437","±167","3.2%","±1.2","191","±100","8.7%","±4.6","291","±139","5.5%","±2.7","625","±200","6.0%","±1.8","2,082","±477","10.3%","±2.3","907","±234","6.9%","±1.8","882","±226","7.4%","±1.8","2,887","±496","3.9%","±0.7","2,214","±493","6.6%","±1.5","58","±26","6.9%","±3.0","1,583","±409","5.5%","±1.4","535","±213","9.9%","±3.7","1,458","±335","9.7%","±2.1","867","±160","6.9%","±1.2","950","±221","8.7%","±2.1","887","±201","9.5%","±2.1","129","±80","1.8%","±1.2","234","±91","9.4%","±3.5","126","±94","4.4%","±3.2","196","±81","6.6%","±2.8"
"        $25,000 to $34,999","80,114","±2,138","7.1%","±0.2","1,023","±226","7.4%","±1.7","444","±139","8.5%","±2.6","1,393","±392","3.9%","±1.1","539","±230","9.2%","±3.8","1,048","±269","11.6%","±2.8","556","±202","5.9%","±2.1","275","±93","9.0%","±2.9","1,845","±422","5.8%","±1.3","4,199","±696","7.4%","±1.2","3,115","±633","6.2%","±1.2","383","±125","16.0%","±5.4","78","±57","4.7%","±3.4","327","±133","14.6%","±5.8","458","±138","16.3%","±4.6","407","±185","9.0%","±4.0","716","±243","10.1%","±3.3","7,149","±822","6.9%","±0.8","224","±103","13.6%","±6.5","270","±117","6.6%","±2.9","798","±249","10.0%","±3.0","913","±240","17.5%","±4.6","310","±123","6.2%","±2.5","1,447","±298","8.1%","±1.6","651","±213","8.8%","±2.9","370","±123","10.2%","±3.1","6,176","±721","5.9%","±0.7","776","±229","9.4%","±2.7","3,816","±583","6.1%","±0.9","1,738","±384","6.7%","±1.5","187","±102","5.4%","±2.9","1,122","±381","11.1%","±3.7","2,522","±490","6.6%","±1.3","388","±107","20.6%","±5.2","571","±168","9.4%","±2.6","664","±138","8.1%","±1.7","5,431","±580","7.3%","±0.8","2,770","±495","7.1%","±1.2","374","±171","6.1%","±2.7","396","±164","7.9%","±3.1","2,544","±408","8.2%","±1.3","179","±94","8.6%","±4.5","357","±147","6.8%","±2.8","675","±160","11.5%","±2.6","1,025","±275","9.5%","±2.5","962","±258","7.1%","±1.9","109","±81","5.0%","±3.4","425","±205","8.1%","±3.8","852","±314","8.1%","±2.9","1,615","±281","8.0%","±1.4","1,084","±214","8.3%","±1.6","867","±253","7.2%","±2.1","3,535","±586","4.8%","±0.8","2,294","±459","6.8%","±1.4","30","±25","3.6%","±2.9","1,590","±335","5.5%","±1.2","513","±177","9.5%","±3.2","1,124","±248","7.5%","±1.6","1,128","±226","9.0%","±1.8","1,114","±305","10.2%","±2.7","1,174","±268","12.6%","±2.8","464","±199","6.6%","±2.7","186","±81","7.5%","±3.2","120","±105","4.2%","±3.6","279","±173","9.4%","±5.6"
"        $35,000 to $49,999","120,060","±3,360","10.6%","±0.3","2,141","±387","15.4%","±2.6","630","±167","12.1%","±3.3","2,944","±587","8.3%","±1.7","834","±211","14.2%","±3.5","1,142","±244","12.7%","±2.6","910","±244","9.7%","±2.7","385","±115","12.6%","±3.7","3,162","±540","9.9%","±1.7","6,716","±791","11.9%","±1.4","4,709","±738","9.3%","±1.5","159","±72","6.6%","±3.0","235","±101","14.2%","±6.0","226","±111","10.1%","±4.7","539","±122","19.2%","±4.3","672","±176","14.9%","±3.7","863","±211","12.2%","±2.9","9,998","±1,195","9.7%","±1.2","197","±91","11.9%","±5.5","424","±175","10.3%","±4.1","1,347","±339","16.9%","±4.1","689","±220","13.2%","±4.0","482","±148","9.7%","±2.9","2,146","±358","12.0%","±2.0","715","±227","9.7%","±3.0","547","±154","15.1%","±4.1","10,279","±919","9.8%","±0.8","785","±216","9.5%","±2.7","6,357","±798","10.1%","±1.2","3,167","±440","12.2%","±1.6","212","±104","6.1%","±3.0","799","±202","7.9%","±2.0","3,542","±453","9.2%","±1.2","232","±96","12.3%","±4.7","1,058","±236","17.4%","±3.8","960","±163","11.6%","±1.9","7,509","±599","10.0%","±0.8","4,009","±513","10.3%","±1.3","373","±163","6.1%","±2.6","451","±179","9.0%","±3.4","3,775","±423","12.1%","±1.3","420","±121","20.2%","±5.2","588","±150","11.2%","±2.9","569","±122","9.7%","±2.0","1,187","±284","11.0%","±2.6","1,025","±298","7.6%","±2.2","222","±106","10.1%","±4.6","667","±191","12.7%","±3.4","1,159","±349","11.0%","±3.2","2,630","±495","13.0%","±2.3","1,819","±380","13.9%","±2.7","1,302","±279","10.9%","±2.3","5,551","±666","7.5%","±0.9","3,929","±746","11.7%","±2.1","194","±71","23.2%","±7.9","3,836","±658","13.3%","±2.1","582","±182","10.8%","±3.2","1,626","±302","10.8%","±2.0","1,722","±272","13.7%","±2.0","1,265","±263","11.6%","±2.2","1,748","±336","18.7%","±3.5","626","±260","8.9%","±3.4","378","±126","15.1%","±4.9","330","±169","11.6%","±5.9","365","±125","12.3%","±3.9"
"        $50,000 to $74,999","178,996","±3,232","15.8%","±0.3","1,783","±325","12.8%","±2.3","1,028","±223","19.8%","±4.0","4,696","±678","13.2%","±1.8","1,104","±234","18.8%","±3.7","1,342","±271","14.9%","±2.9","1,717","±273","18.2%","±2.8","605","±163","19.8%","±4.5","5,272","±673","16.5%","±1.9","9,621","±842","17.1%","±1.4","8,184","±882","16.2%","±1.6","346","±151","14.5%","±5.6","252","±125","15.2%","±7.0","533","±127","23.7%","±5.5","555","±149","19.8%","±5.3","671","±169","14.8%","±3.8","1,112","±212","15.7%","±2.9","13,880","±1,191","13.4%","±1.1","241","±136","14.6%","±7.5","623","±186","15.1%","±4.5","1,235","±295","15.5%","±3.6","987","±236","19.0%","±4.3","1,038","±186","20.9%","±3.8","3,157","±487","17.6%","±2.5","1,429","±311","19.4%","±4.0","681","±154","18.8%","±4.2","17,409","±1,013","16.5%","±0.9","1,498","±335","18.2%","±3.8","8,774","±808","13.9%","±1.2","4,130","±434","15.9%","±1.6","756","±213","21.7%","±5.9","1,483","±288","14.7%","±2.6","5,660","±561","14.8%","±1.4","331","±87","17.6%","±4.5","807","±189","13.3%","±3.1","1,332","±215","16.2%","±2.4","9,931","±785","13.3%","±1.0","6,081","±596","15.6%","±1.5","824","±209","13.4%","±3.4","790","±174","15.7%","±3.4","4,899","±530","15.7%","±1.6","425","±141","20.4%","±6.9","1,030","±224","19.5%","±3.9","954","±183","16.3%","±3.0","1,931","±328","17.9%","±2.9","1,916","±390","14.2%","±2.8","519","±200","23.7%","±8.0","576","±158","11.0%","±3.0","1,698","±306","16.2%","±2.9","3,697","±507","18.2%","±2.5","2,095","±387","16.0%","±2.8","2,321","±302","19.3%","±2.5","11,637","±939","15.8%","±1.1","6,486","±860","19.3%","±2.4","184","±71","22.0%","±7.3","5,312","±779","18.4%","±2.5","719","±221","13.4%","±4.3","2,175","±375","14.4%","±2.4","2,419","±280","19.2%","±2.2","1,899","±335","17.4%","±2.9","1,621","±220","17.4%","±2.5","1,109","±329","15.8%","±4.7","409","±111","16.4%","±4.4","401","±173","14.1%","±5.7","666","±187","22.4%","±5.5"
"        $75,000 to $99,999","151,971","±3,290","13.4%","±0.3","2,074","±437","14.9%","±3.0","643","±169","12.4%","±3.2","4,297","±647","12.1%","±1.8","805","±218","13.7%","±3.7","1,117","±286","12.4%","±3.1","1,278","±268","13.6%","±2.7","340","±111","11.1%","±3.3","4,847","±548","15.2%","±1.7","7,403","±696","13.1%","±1.2","6,851","±792","13.6%","±1.5","273","±133","11.4%","±5.3","266","±130","16.1%","±7.5","353","±150","15.7%","±6.4","264","±75","9.4%","±2.7","688","±196","15.2%","±4.0","716","±190","10.1%","±2.7","13,890","±1,217","13.5%","±1.1","136","±75","8.2%","±4.5","505","±159","12.3%","±3.7","920","±197","11.6%","±2.5","615","±149","11.8%","±2.8","792","±184","15.9%","±3.6","2,469","±427","13.8%","±2.3","726","±222","9.9%","±3.0","523","±146","14.4%","±3.6","14,555","±1,094","13.8%","±1.0","1,123","±316","13.6%","±3.7","8,575","±913","13.6%","±1.4","3,113","±438","12.0%","±1.6","746","±297","21.4%","±8.2","1,292","±235","12.8%","±2.3","5,498","±724","14.4%","±1.9","174","±71","9.2%","±3.8","710","±190","11.7%","±3.1","998","±134","12.1%","±1.6","8,448","±695","11.3%","±0.9","5,018","±665","12.8%","±1.6","1,017","±220","16.5%","±3.7","531","±176","10.6%","±3.3","4,397","±535","14.1%","±1.7","153","±75","7.3%","±3.6","537","±142","10.2%","±2.6","880","±183","15.0%","±3.0","1,693","±313","15.7%","±2.8","1,866","±339","13.9%","±2.4","174","±91","7.9%","±3.9","789","±181","15.0%","±3.6","1,995","±379","19.0%","±3.5","2,395","±367","11.8%","±1.8","1,868","±360","14.3%","±2.7","1,634","±312","13.6%","±2.5","11,096","±1,112","15.1%","±1.5","4,717","±628","14.0%","±1.9","106","±46","12.7%","±5.3","4,145","±667","14.4%","±2.2","878","±247","16.3%","±4.6","1,837","±356","12.2%","±2.3","1,605","±221","12.7%","±1.7","1,729","±397","15.9%","±3.4","1,001","±248","10.7%","±2.5","796","±200","11.3%","±2.9","490","±142","19.6%","±5.6","337","±133","11.8%","±4.6","264","±98","8.9%","±3.2"
"        $100,000 to $149,999","209,277","±3,868","18.5%","±0.3","2,587","±393","18.6%","±2.6","732","±220","14.1%","±3.9","7,605","±887","21.4%","±2.4","995","±230","17.0%","±3.8","1,415","±269","15.7%","±2.7","1,845","±273","19.6%","±2.7","402","±130","13.2%","±3.9","7,411","±722","23.2%","±2.3","8,889","±779","15.8%","±1.3","9,626","±976","19.1%","±1.9","347","±152","14.5%","±6.5","387","±141","23.4%","±9.0","261","±112","11.6%","±5.0","242","±80","8.6%","±2.9","348","±128","7.7%","±2.8","1,411","±260","20.0%","±3.5","18,214","±1,434","17.6%","±1.4","319","±120","19.3%","±7.0","769","±214","18.7%","±4.8","1,187","±267","14.9%","±3.3","577","±135","11.1%","±2.6","936","±221","18.8%","±4.1","3,410","±446","19.1%","±2.5","1,270","±296","17.3%","±3.9","619","±138","17.1%","±3.7","19,932","±941","18.9%","±0.9","1,502","±304","18.2%","±3.5","12,500","±1,093","19.8%","±1.7","5,789","±681","22.2%","±2.5","535","±156","15.4%","±4.5","1,732","±303","17.2%","±3.1","9,190","±981","24.0%","±2.5","210","±65","11.2%","±3.4","924","±236","15.2%","±3.8","1,496","±167","18.1%","±1.9","12,473","±700","16.7%","±0.9","6,639","±704","17.0%","±1.8","1,205","±275","19.6%","±4.3","1,156","±281","23.0%","±5.4","5,297","±670","17.0%","±2.0","379","±135","18.2%","±6.0","958","±201","18.2%","±3.5","1,041","±175","17.8%","±3.0","1,577","±289","14.6%","±2.6","3,045","±422","22.6%","±2.9","208","±109","9.5%","±4.5","886","±226","16.9%","±4.2","2,199","±437","21.0%","±4.0","3,213","±555","15.8%","±2.6","2,164","±320","16.5%","±2.4","2,282","±314","19.0%","±2.6","15,202","±1,073","20.6%","±1.5","5,435","±788","16.2%","±2.2","67","±43","8.0%","±4.8","5,580","±619","19.3%","±2.2","1,069","±285","19.9%","±5.0","3,334","±410","22.1%","±2.6","2,232","±213","17.7%","±1.7","1,261","±291","11.6%","±2.7","1,335","±256","14.3%","±2.7","1,912","±339","27.2%","±4.4","359","±137","14.4%","±5.0","609","±195","21.3%","±6.7","546","±174","18.4%","±5.5"
"        $150,000 to $199,999","111,782","±2,808","9.9%","±0.2","883","±224","6.4%","±1.6","546","±182","10.5%","±3.4","5,512","±710","15.5%","±2.0","497","±164","8.5%","±2.7","411","±175","4.6%","±1.9","1,278","±277","13.6%","±2.8","154","±65","5.0%","±2.2","3,404","±549","10.6%","±1.6","4,278","±587","7.6%","±1.0","5,643","±665","11.2%","±1.3","292","±139","12.2%","±5.6","145","±85","8.8%","±4.9","132","±97","5.9%","±4.3","89","±42","3.2%","±1.5","341","±106","7.5%","±2.4","742","±199","10.5%","±2.6","10,603","±967","10.3%","±0.9","55","±36","3.3%","±2.3","454","±163","11.0%","±3.8","557","±172","7.0%","±2.1","367","±113","7.0%","±2.1","506","±148","10.2%","±3.0","1,179","±272","6.6%","±1.5","773","±198","10.5%","±2.6","154","±77","4.2%","±2.1","10,904","±880","10.3%","±0.8","1,128","±269","13.7%","±3.3","7,644","±789","12.1%","±1.3","2,467","±387","9.5%","±1.5","383","±130","11.0%","±3.6","738","±192","7.3%","±1.9","5,117","±817","13.4%","±2.0","145","±55","7.7%","±2.9","450","±144","7.4%","±2.4","680","±154","8.2%","±1.7","6,365","±560","8.5%","±0.7","3,361","±539","8.6%","±1.4","1,020","±263","16.6%","±4.1","450","±145","8.9%","±2.8","3,100","±448","9.9%","±1.5","137","±57","6.6%","±2.8","443","±130","8.4%","±2.5","276","±79","4.7%","±1.4","632","±158","5.9%","±1.5","1,756","±338","13.0%","±2.6","226","±142","10.3%","±6.3","529","±162","10.1%","±3.1","687","±206","6.5%","±2.0","1,384","±287","6.8%","±1.4","1,489","±345","11.4%","±2.5","785","±188","6.5%","±1.5","8,729","±909","11.9%","±1.2","3,350","±539","10.0%","±1.6","5","±8","0.6%","±1.0","2,459","±389","8.5%","±1.4","188","±97","3.5%","±1.8","1,250","±303","8.3%","±2.0","1,117","±183","8.9%","±1.5","1,130","±315","10.4%","±2.7","478","±132","5.1%","±1.4","1,002","±293","14.3%","±3.9","152","±96","6.1%","±3.7","502","±163","17.6%","±5.7","129","±64","4.3%","±2.1"
"        $200,000 or more","120,851","±2,891","10.7%","±0.2","827","±212","5.9%","±1.6","102","±75","2.0%","±1.4","6,424","±820","18.1%","±2.3","498","±180","8.5%","±3.1","312","±107","3.5%","±1.2","671","±186","7.1%","±1.9","121","±58","4.0%","±1.9","3,147","±504","9.8%","±1.6","5,133","±629","9.1%","±1.1","6,196","±699","12.3%","±1.3","223","±118","9.3%","±4.8","158","±97","9.6%","±5.6","49","±43","2.2%","±1.9","88","±55","3.1%","±2.0","272","±100","6.0%","±2.2","437","±124","6.2%","±1.7","15,271","±1,151","14.8%","±1.0","43","±42","2.6%","±2.6","593","±144","14.4%","±3.7","371","±121","4.7%","±1.6","321","±132","6.2%","±2.5","356","±213","7.2%","±4.2","1,145","±284","6.4%","±1.5","677","±192","9.2%","±2.6","136","±66","3.7%","±1.8","13,363","±920","12.7%","±0.9","380","±162","4.6%","±2.0","7,607","±784","12.1%","±1.2","2,315","±360","8.9%","±1.3","295","±120","8.5%","±3.3","863","±208","8.6%","±2.1","3,021","±464","7.9%","±1.2","71","±40","3.8%","±2.1","276","±123","4.5%","±2.1","600","±127","7.3%","±1.5","12,324","±616","16.5%","±0.8","3,883","±529","9.9%","±1.4","771","±209","12.5%","±3.4","612","±178","12.2%","±3.6","2,410","±375","7.7%","±1.2","110","±69","5.3%","±3.4","389","±126","7.4%","±2.4","487","±146","8.3%","±2.4","967","±296","9.0%","±2.7","1,940","±286","14.4%","±2.0","167","±94","7.6%","±4.3","830","±157","15.8%","±2.9","753","±243","7.2%","±2.3","735","±176","3.6%","±0.9","923","±193","7.1%","±1.4","518","±188","4.3%","±1.5","11,776","±831","16.0%","±1.1","2,489","±426","7.4%","±1.3","24","±23","2.9%","±2.8","2,344","±399","8.1%","±1.3","211","±122","3.9%","±2.3","977","±198","6.5%","±1.3","544","±115","4.3%","±0.9","463","±199","4.3%","±1.8","455","±137","4.9%","±1.5","646","±189","9.2%","±2.7","200","±119","8.0%","±4.8","314","±120","11.0%","±4.0","227","±80","7.6%","±2.7"
"        Median family income (dollars)","79,407","±674","(X)","(X)","65,516","±7,215","(X)","(X)","59,226","±3,692","(X)","(X)","110,984","±5,281","(X)","(X)","73,577","±5,049","(X)","(X)","50,844","±4,116","(X)","(X)","81,514","±8,104","(X)","(X)","55,266","±5,520","(X)","(X)","88,839","±2,696","(X)","(X)","67,325","±2,919","(X)","(X)","85,540","±3,733","(X)","(X)","73,301","±21,246","(X)","(X)","85,992","±15,066","(X)","(X)","59,022","±14,197","(X)","(X)","44,078","±6,536","(X)","(X)","51,429","±6,403","(X)","(X)","66,667","±9,829","(X)","(X)","85,206","±2,610","(X)","(X)","45,938","±14,408","(X)","(X)","92,636","±12,173","(X)","(X)","55,070","±5,964","(X)","(X)","54,988","±2,646","(X)","(X)","76,840","±6,393","(X)","(X)","70,083","±4,634","(X)","(X)","71,605","±4,016","(X)","(X)","60,030","±5,121","(X)","(X)","84,920","±2,347","(X)","(X)","75,154","±8,104","(X)","(X)","89,939","±3,030","(X)","(X)","79,771","±5,036","(X)","(X)","85,871","±12,497","(X)","(X)","64,286","±10,062","(X)","(X)","91,183","±4,319","(X)","(X)","49,286","±12,258","(X)","(X)","51,907","±4,475","(X)","(X)","67,782","±3,868","(X)","(X)","80,929","±2,778","(X)","(X)","72,444","±3,960","(X)","(X)","97,481","±12,205","(X)","(X)","92,434","±16,875","(X)","(X)","72,315","±3,962","(X)","(X)","62,500","±10,264","(X)","(X)","64,000","±8,117","(X)","(X)","64,715","±8,426","(X)","(X)","65,700","±5,780","(X)","(X)","100,129","±7,991","(X)","(X)","60,206","±7,975","(X)","(X)","89,175","±5,767","(X)","(X)","79,306","±5,654","(X)","(X)","57,455","±4,561","(X)","(X)","74,023","±4,459","(X)","(X)","66,013","±4,851","(X)","(X)","96,466","±3,359","(X)","(X)","71,281","±3,754","(X)","(X)","46,023","±9,110","(X)","(X)","75,581","±4,084","(X)","(X)","60,653","±7,654","(X)","(X)","72,487","±5,391","(X)","(X)","66,566","±2,840","(X)","(X)","61,763","±6,613","(X)","(X)","53,000","±4,355","(X)","(X)","101,683","±9,647","(X)","(X)","68,071","±16,545","(X)","(X)","97,400","±29,192","(X)","(X)","62,021","±8,082","(X)","(X)"
"        Mean family income (dollars)","105,213","±1,000","(X)","(X)","83,662","±4,946","(X)","(X)","73,481","±5,382","(X)","(X)","128,706","±5,291","(X)","(X)","97,002","±8,087","(X)","(X)","71,706","±6,172","(X)","(X)","99,836","±6,002","(X)","(X)","80,609","±14,339","(X)","(X)","111,078","±6,372","(X)","(X)","97,041","±4,197","(X)","(X)","113,005","±4,717","(X)","(X)","88,597","±11,214","(X)","(X)","101,241","±11,758","(X)","(X)","68,482","±7,384","(X)","(X)","67,172","±12,962","(X)","(X)","77,539","±10,083","(X)","(X)","90,319","±5,857","(X)","(X)","119,676","±4,438","(X)","(X)","64,055","±8,658","(X)","(X)","116,544","±11,858","(X)","(X)","76,443","±4,286","(X)","(X)","80,290","±8,107","(X)","(X)","93,007","±8,444","(X)","(X)","87,777","±5,270","(X)","(X)","92,635","±8,449","(X)","(X)","75,245","±6,852","(X)","(X)","114,896","±4,796","(X)","(X)","89,784","±6,794","(X)","(X)","115,705","±3,451","(X)","(X)","98,024","±4,654","(X)","(X)","98,358","±6,690","(X)","(X)","90,328","±7,464","(X)","(X)","101,744","±3,210","(X)","(X)","70,042","±6,394","(X)","(X)","81,093","±10,320","(X)","(X)","88,040","±4,175","(X)","(X)","123,341","±3,451","(X)","(X)","99,513","±4,839","(X)","(X)","114,923","±9,687","(X)","(X)","105,092","±9,686","(X)","(X)","93,326","±3,529","(X)","(X)","80,196","±9,726","(X)","(X)","86,097","±7,687","(X)","(X)","86,540","±5,530","(X)","(X)","88,578","±7,319","(X)","(X)","116,636","±5,425","(X)","(X)","79,226","±13,994","(X)","(X)","114,698","±11,014","(X)","(X)","92,690","±6,034","(X)","(X)","74,792","±3,604","(X)","(X)","94,354","±5,679","(X)","(X)","79,249","±4,425","(X)","(X)","127,467","±4,297","(X)","(X)","96,125","±6,968","(X)","(X)","55,691","±6,539","(X)","(X)","98,833","±5,104","(X)","(X)","75,536","±7,210","(X)","(X)","90,204","±4,491","(X)","(X)","83,007","±3,238","(X)","(X)","80,923","±6,487","(X)","(X)","77,175","±5,661","(X)","(X)","110,562","±6,280","(X)","(X)","82,639","±8,916","(X)","(X)","122,978","±13,038","(X)","(X)","82,905","±7,776","(X)","(X)"
"    Per capita income (dollars)","35,038","±248","(X)","(X)","26,490","±1,289","(X)","(X)","23,398","±1,721","(X)","(X)","42,258","±1,668","(X)","(X)","31,516","±2,118","(X)","(X)","25,028","±2,040","(X)","(X)","33,625","±1,541","(X)","(X)","26,797","±3,595","(X)","(X)","37,533","±1,686","(X)","(X)","33,434","±1,425","(X)","(X)","36,113","±1,237","(X)","(X)","28,818","±3,365","(X)","(X)","35,609","±5,152","(X)","(X)","24,945","±2,620","(X)","(X)","20,451","±2,975","(X)","(X)","25,449","±2,098","(X)","(X)","29,808","±1,690","(X)","(X)","38,736","±1,080","(X)","(X)","18,725","±2,472","(X)","(X)","33,464","±2,907","(X)","(X)","25,351","±1,339","(X)","(X)","26,643","±1,886","(X)","(X)","27,694","±2,097","(X)","(X)","30,464","±1,970","(X)","(X)","29,389","±2,016","(X)","(X)","26,629","±2,333","(X)","(X)","37,862","±683","(X)","(X)","30,949","±3,095","(X)","(X)","40,361","±1,155","(X)","(X)","33,881","±1,360","(X)","(X)","31,649","±2,568","(X)","(X)","25,888","±1,327","(X)","(X)","35,135","±1,199","(X)","(X)","19,470","±1,736","(X)","(X)","26,257","±2,466","(X)","(X)","27,533","±1,080","(X)","(X)","40,662","±782","(X)","(X)","32,520","±1,220","(X)","(X)","36,458","±2,511","(X)","(X)","36,076","±2,530","(X)","(X)","31,518","±1,026","(X)","(X)","27,468","±2,985","(X)","(X)","27,433","±2,222","(X)","(X)","29,015","±1,571","(X)","(X)","30,406","±2,149","(X)","(X)","38,258","±1,571","(X)","(X)","25,200","±3,100","(X)","(X)","37,140","±2,506","(X)","(X)","30,132","±1,575","(X)","(X)","25,412","±1,110","(X)","(X)","31,041","±1,634","(X)","(X)","28,265","±1,551","(X)","(X)","43,364","±1,249","(X)","(X)","31,792","±1,910","(X)","(X)","20,390","±2,628","(X)","(X)","33,624","±1,430","(X)","(X)","28,058","±2,402","(X)","(X)","30,227","±1,207","(X)","(X)","30,322","±1,205","(X)","(X)","25,927","±1,668","(X)","(X)","25,664","±1,717","(X)","(X)","39,621","±3,471","(X)","(X)","29,378","±2,533","(X)","(X)","29,951","±2,888","(X)","(X)","26,211","±2,522","(X)","(X)"
"    Nonfamily households","673,954","±6,184","673,954","(X)","8,197","±600","8,197","(X)","2,654","±356","2,654","(X)","12,129","±1,028","12,129","(X)","2,961","±413","2,961","(X)","5,424","±551","5,424","(X)","4,337","±484","4,337","(X)","2,499","±313","2,499","(X)","18,845","±1,058","18,845","(X)","39,404","±1,383","39,404","(X)","27,570","±1,539","27,570","(X)","1,325","±227","1,325","(X)","364","±132","364","(X)","955","±180","955","(X)","2,348","±246","2,348","(X)","2,258","±318","2,258","(X)","3,438","±418","3,438","(X)","74,035","±2,046","74,035","(X)","967","±217","967","(X)","2,284","±348","2,284","(X)","4,598","±483","4,598","(X)","2,319","±298","2,319","(X)","2,469","±332","2,469","(X)","8,922","±635","8,922","(X)","3,937","±509","3,937","(X)","1,946","±243","1,946","(X)","71,637","±1,904","71,637","(X)","3,833","±468","3,833","(X)","37,930","±1,384","37,930","(X)","11,713","±795","11,713","(X)","1,566","±283","1,566","(X)","8,395","±569","8,395","(X)","15,294","±975","15,294","(X)","1,171","±178","1,171","(X)","3,702","±426","3,702","(X)","6,263","±355","6,263","(X)","80,925","±1,514","80,925","(X)","22,405","±993","22,405","(X)","2,058","±344","2,058","(X)","3,302","±403","3,302","(X)","17,754","±879","17,754","(X)","1,016","±202","1,016","(X)","1,970","±284","1,970","(X)","2,931","±322","2,931","(X)","5,432","±479","5,432","(X)","5,142","±632","5,142","(X)","1,982","±405","1,982","(X)","2,292","±308","2,292","(X)","4,658","±508","4,658","(X)","11,886","±750","11,886","(X)","6,498","±645","6,498","(X)","6,468","±559","6,468","(X)","31,462","±1,499","31,462","(X)","18,367","±1,214","18,367","(X)","743","±146","743","(X)","13,276","±1,076","13,276","(X)","3,130","±370","3,130","(X)","6,733","±536","6,733","(X)","5,701","±446","5,701","(X)","6,827","±636","6,827","(X)","5,010","±369","5,010","(X)","3,955","±510","3,955","(X)","1,354","±221","1,354","(X)","1,172","±283","1,172","(X)","1,816","±315","1,816","(X)"
"        Median nonfamily income (dollars)","35,287","±396","(X)","(X)","23,394","±2,879","(X)","(X)","26,495","±2,451","(X)","(X)","47,739","±2,928","(X)","(X)","24,875","±8,857","(X)","(X)","25,478","±2,136","(X)","(X)","38,568","±6,746","(X)","(X)","21,376","±2,693","(X)","(X)","42,212","±2,467","(X)","(X)","30,394","±2,340","(X)","(X)","39,073","±2,261","(X)","(X)","20,984","±6,044","(X)","(X)","32,000","±22,917","(X)","(X)","25,591","±3,203","(X)","(X)","17,990","±5,748","(X)","(X)","24,163","±3,009","(X)","(X)","22,167","±2,407","(X)","(X)","41,908","±2,495","(X)","(X)","18,292","±6,141","(X)","(X)","38,353","±12,896","(X)","(X)","20,743","±2,633","(X)","(X)","33,025","±7,103","(X)","(X)","32,209","±8,081","(X)","(X)","27,730","±3,136","(X)","(X)","33,592","±3,591","(X)","(X)","30,490","±8,281","(X)","(X)","40,246","±2,267","(X)","(X)","28,227","±6,828","(X)","(X)","40,599","±2,659","(X)","(X)","30,768","±4,688","(X)","(X)","25,100","±10,932","(X)","(X)","23,132","±3,234","(X)","(X)","45,452","±6,346","(X)","(X)","21,736","±7,362","(X)","(X)","24,497","±3,670","(X)","(X)","23,849","±3,860","(X)","(X)","39,459","±2,096","(X)","(X)","29,855","±2,589","(X)","(X)","33,802","±9,406","(X)","(X)","38,708","±5,557","(X)","(X)","32,525","±2,271","(X)","(X)","19,533","±5,263","(X)","(X)","23,838","±5,289","(X)","(X)","23,906","±4,206","(X)","(X)","34,860","±4,487","(X)","(X)","36,998","±6,387","(X)","(X)","25,357","±8,186","(X)","(X)","33,686","±9,083","(X)","(X)","35,259","±7,810","(X)","(X)","24,313","±1,934","(X)","(X)","28,111","±4,695","(X)","(X)","30,480","±2,104","(X)","(X)","45,342","±2,426","(X)","(X)","31,795","±4,354","(X)","(X)","25,818","±2,605","(X)","(X)","34,768","±4,470","(X)","(X)","25,518","±2,469","(X)","(X)","27,081","±3,136","(X)","(X)","36,646","±3,801","(X)","(X)","22,380","±2,160","(X)","(X)","22,875","±2,286","(X)","(X)","56,782","±9,997","(X)","(X)","24,853","±6,254","(X)","(X)","47,177","±14,072","(X)","(X)","28,833","±10,354","(X)","(X)"
"        Mean nonfamily income (dollars)","52,816","±719","(X)","(X)","32,895","±3,025","(X)","(X)","38,151","±5,724","(X)","(X)","61,734","±5,888","(X)","(X)","33,593","±4,408","(X)","(X)","43,772","±8,506","(X)","(X)","53,823","±6,651","(X)","(X)","33,233","±5,001","(X)","(X)","58,781","±5,128","(X)","(X)","46,760","±2,613","(X)","(X)","54,863","±4,760","(X)","(X)","29,226","±6,248","(X)","(X)","52,334","±19,003","(X)","(X)","43,428","±10,918","(X)","(X)","31,529","±7,064","(X)","(X)","39,315","±7,742","(X)","(X)","35,503","±5,415","(X)","(X)","59,247","±3,037","(X)","(X)","34,424","±12,464","(X)","(X)","60,030","±10,180","(X)","(X)","34,341","±4,993","(X)","(X)","40,268","±5,211","(X)","(X)","48,939","±9,171","(X)","(X)","53,300","±13,647","(X)","(X)","42,737","±4,889","(X)","(X)","35,142","±3,401","(X)","(X)","56,037","±2,179","(X)","(X)","41,214","±4,893","(X)","(X)","64,221","±5,016","(X)","(X)","47,620","±3,410","(X)","(X)","38,625","±9,035","(X)","(X)","35,758","±4,019","(X)","(X)","65,208","±8,559","(X)","(X)","32,571","±8,617","(X)","(X)","32,964","±4,077","(X)","(X)","40,778","±3,812","(X)","(X)","60,208","±1,643","(X)","(X)","43,985","±2,756","(X)","(X)","50,928","±8,025","(X)","(X)","56,123","±8,508","(X)","(X)","49,114","±3,038","(X)","(X)","35,789","±9,604","(X)","(X)","33,173","±4,106","(X)","(X)","37,289","±4,438","(X)","(X)","56,210","±7,761","(X)","(X)","53,732","±6,615","(X)","(X)","35,860","±6,330","(X)","(X)","47,707","±6,276","(X)","(X)","48,980","±6,575","(X)","(X)","36,995","±4,301","(X)","(X)","39,397","±3,577","(X)","(X)","52,693","±9,314","(X)","(X)","61,988","±3,162","(X)","(X)","47,337","±3,453","(X)","(X)","38,296","±10,273","(X)","(X)","50,376","±6,000","(X)","(X)","43,110","±7,749","(X)","(X)","41,150","±4,101","(X)","(X)","51,299","±5,436","(X)","(X)","35,910","±4,983","(X)","(X)","32,178","±5,055","(X)","(X)","78,690","±21,800","(X)","(X)","38,549","±8,786","(X)","(X)","57,173","±13,284","(X)","(X)","43,784","±9,781","(X)","(X)"
"    Median earnings for workers (dollars)","40,534","±304","(X)","(X)","35,686","±2,198","(X)","(X)","27,410","±3,098","(X)","(X)","51,648","±2,904","(X)","(X)","41,310","±2,599","(X)","(X)","31,970","±3,138","(X)","(X)","42,014","±2,477","(X)","(X)","29,848","±2,953","(X)","(X)","43,705","±2,234","(X)","(X)","36,049","±965","(X)","(X)","40,517","±1,386","(X)","(X)","40,236","±5,415","(X)","(X)","51,715","±6,033","(X)","(X)","36,788","±3,408","(X)","(X)","25,954","±2,753","(X)","(X)","35,227","±2,511","(X)","(X)","36,235","±1,932","(X)","(X)","39,771","±1,214","(X)","(X)","21,521","±5,714","(X)","(X)","48,756","±3,968","(X)","(X)","34,362","±2,633","(X)","(X)","35,831","±2,339","(X)","(X)","41,941","±3,249","(X)","(X)","37,577","±2,612","(X)","(X)","41,344","±1,652","(X)","(X)","37,065","±2,893","(X)","(X)","40,801","±975","(X)","(X)","39,151","±3,054","(X)","(X)","43,823","±1,298","(X)","(X)","42,549","±2,101","(X)","(X)","41,170","±6,816","(X)","(X)","24,708","±2,270","(X)","(X)","45,952","±2,568","(X)","(X)","28,039","±4,518","(X)","(X)","30,845","±1,754","(X)","(X)","33,336","±1,904","(X)","(X)","41,196","±687","(X)","(X)","40,893","±1,268","(X)","(X)","46,835","±4,490","(X)","(X)","44,927","±4,380","(X)","(X)","37,632","±1,881","(X)","(X)","35,061","±5,842","(X)","(X)","39,171","±3,405","(X)","(X)","35,430","±2,500","(X)","(X)","41,721","±3,193","(X)","(X)","46,368","±2,423","(X)","(X)","33,558","±6,942","(X)","(X)","45,729","±4,493","(X)","(X)","35,170","±3,032","(X)","(X)","35,759","±1,350","(X)","(X)","40,859","±2,163","(X)","(X)","36,141","±2,015","(X)","(X)","48,276","±1,117","(X)","(X)","36,284","±1,550","(X)","(X)","24,414","±2,765","(X)","(X)","41,277","±1,925","(X)","(X)","34,195","±2,693","(X)","(X)","39,363","±2,853","(X)","(X)","38,874","±2,372","(X)","(X)","31,826","±2,250","(X)","(X)","27,464","±2,474","(X)","(X)","50,139","±3,940","(X)","(X)","39,266","±4,946","(X)","(X)","45,241","±6,044","(X)","(X)","42,117","±6,443","(X)","(X)"
"    Median earnings for male full-time, year-round workers (dollars)","62,474","±471","(X)","(X)","54,547","±5,710","(X)","(X)","51,755","±5,464","(X)","(X)","81,390","±2,853","(X)","(X)","61,819","±7,690","(X)","(X)","45,984","±5,192","(X)","(X)","77,143","±5,317","(X)","(X)","39,807","±7,942","(X)","(X)","62,027","±1,745","(X)","(X)","54,380","±2,196","(X)","(X)","66,417","±4,744","(X)","(X)","47,947","±3,938","(X)","(X)","68,375","±15,875","(X)","(X)","47,969","±8,749","(X)","(X)","33,844","±8,340","(X)","(X)","51,267","±9,481","(X)","(X)","64,125","±4,442","(X)","(X)","66,551","±1,740","(X)","(X)","40,500","±11,947","(X)","(X)","66,116","±9,867","(X)","(X)","55,333","±6,872","(X)","(X)","53,556","±6,841","(X)","(X)","60,926","±5,632","(X)","(X)","62,295","±4,217","(X)","(X)","64,560","±7,404","(X)","(X)","56,881","±5,871","(X)","(X)","58,804","±1,535","(X)","(X)","65,195","±11,607","(X)","(X)","66,005","±2,884","(X)","(X)","68,242","±2,972","(X)","(X)","69,837","±6,094","(X)","(X)","58,019","±7,134","(X)","(X)","70,712","±3,493","(X)","(X)","36,835","±10,532","(X)","(X)","47,613","±6,550","(X)","(X)","56,771","±2,708","(X)","(X)","62,396","±1,722","(X)","(X)","60,307","±2,385","(X)","(X)","70,663","±9,224","(X)","(X)","79,921","±8,920","(X)","(X)","58,393","±3,581","(X)","(X)","49,271","±9,749","(X)","(X)","58,805","±4,446","(X)","(X)","62,271","±2,678","(X)","(X)","65,419","±4,384","(X)","(X)","71,235","±5,210","(X)","(X)","52,630","±5,461","(X)","(X)","73,927","±5,610","(X)","(X)","55,966","±6,148","(X)","(X)","51,478","±4,020","(X)","(X)","62,254","±4,096","(X)","(X)","53,558","±3,502","(X)","(X)","74,917","±3,017","(X)","(X)","58,105","±2,601","(X)","(X)","37,827","±5,279","(X)","(X)","66,358","±4,436","(X)","(X)","47,964","±4,808","(X)","(X)","65,200","±3,046","(X)","(X)","49,922","±2,082","(X)","(X)","51,990","±6,081","(X)","(X)","47,671","±5,038","(X)","(X)","70,577","±6,733","(X)","(X)","56,310","±7,446","(X)","(X)","56,703","±10,682","(X)","(X)","53,408","±4,047","(X)","(X)"
"    Median earnings for female full-time, year-round workers (dollars)","45,523","±407","(X)","(X)","37,915","±3,133","(X)","(X)","39,159","±6,704","(X)","(X)","51,489","±3,325","(X)","(X)","40,073","±7,862","(X)","(X)","35,253","±3,706","(X)","(X)","39,480","±1,722","(X)","(X)","33,333","±5,148","(X)","(X)","50,033","±2,333","(X)","(X)","42,146","±1,944","(X)","(X)","43,454","±2,477","(X)","(X)","48,238","±6,041","(X)","(X)","70,438","±32,586","(X)","(X)","37,670","±4,382","(X)","(X)","30,795","±3,572","(X)","(X)","37,611","±5,613","(X)","(X)","39,493","±5,023","(X)","(X)","48,002","±1,712","(X)","(X)","27,664","±7,597","(X)","(X)","54,625","±9,302","(X)","(X)","37,419","±2,908","(X)","(X)","36,158","±3,129","(X)","(X)","42,988","±5,225","(X)","(X)","38,002","±3,818","(X)","(X)","42,317","±7,066","(X)","(X)","42,333","±11,978","(X)","(X)","49,415","±1,252","(X)","(X)","36,668","±3,175","(X)","(X)","47,181","±1,977","(X)","(X)","43,607","±2,554","(X)","(X)","36,885","±4,401","(X)","(X)","38,654","±4,944","(X)","(X)","46,073","±3,417","(X)","(X)","35,485","±5,122","(X)","(X)","31,927","±3,305","(X)","(X)","46,513","±2,785","(X)","(X)","51,428","±1,023","(X)","(X)","46,144","±1,909","(X)","(X)","44,945","±4,850","(X)","(X)","47,268","±7,692","(X)","(X)","42,811","±2,127","(X)","(X)","45,429","±17,590","(X)","(X)","39,909","±5,554","(X)","(X)","40,646","±3,862","(X)","(X)","47,469","±2,987","(X)","(X)","47,315","±2,420","(X)","(X)","39,941","±4,916","(X)","(X)","49,130","±4,768","(X)","(X)","43,929","±5,442","(X)","(X)","37,309","±3,054","(X)","(X)","42,433","±3,277","(X)","(X)","34,352","±2,868","(X)","(X)","52,953","±1,298","(X)","(X)","41,774","±2,792","(X)","(X)","25,833","±6,986","(X)","(X)","41,102","±1,792","(X)","(X)","41,950","±6,223","(X)","(X)","37,918","±3,421","(X)","(X)","37,166","±3,418","(X)","(X)","35,857","±3,090","(X)","(X)","33,790","±4,104","(X)","(X)","50,896","±5,919","(X)","(X)","40,236","±4,069","(X)","(X)","53,274","±7,580","(X)","(X)","37,569","±11,594","(X)","(X)"
"HEALTH INSURANCE COVERAGE","","","","","","","","","","","","","","","","","","","","","","","","","","","","","","","","","","","","","","","","","","","","","","","","","","","","","","","","","","","","","","","","","","","","","","","","","","","","","","","","","","","","","","","","","","","","","","","","","","","","","","","","","","","","","","","","","","","","","","","","","","","","","","","","","","","","","","","","","","","","","","","","","","","","","","","","","","","","","","","","","","","","","","","","","","","","","","","","","","","","","","","","","","","","","","","","","","","","","","","","","","","","","","","","","","","","","","","","","","","","","","","","","","","","","","","","","","","","","","","","","","","","","","","","","","","","","","","","","","","",""
"    Civilian noninstitutionalized population","4,515,627","±1,209","4,515,627","(X)","56,319","±45","56,319","(X)","19,127","±65","19,127","(X)","129,357","±161","129,357","(X)","20,317","±34","20,317","(X)","36,286","±112","36,286","(X)","35,354","±157","35,354","(X)","12,297","±44","12,297","(X)","123,831","±592","123,831","(X)","225,207","±243","225,207","(X)","205,265","±165","205,265","(X)","9,195","±114","9,195","(X)","4,991","±4","4,991","(X)","7,565","±46","7,565","(X)","11,938","±58","11,938","(X)","17,123","±80","17,123","(X)","26,796","±22","26,796","(X)","449,079","±196","449,079","(X)","5,306","±83","5,306","(X)","16,685","±201","16,685","(X)","30,850","±71","30,850","(X)","18,439","±36","18,439","(X)","18,945","±152","18,945","(X)","67,869","±39","67,869","(X)","27,179","±138","27,179","(X)","14,066","±39","14,066","(X)","427,183","±343","427,183","(X)","31,454","±14","31,454","(X)","245,862","±212","245,862","(X)","95,239","±45","95,239","(X)","13,774","±46","13,774","(X)","47,532","±18","47,532","(X)","146,881","±160","146,881","(X)","8,331","±33","8,331","(X)","23,715","±48","23,715","(X)","36,059","±37","36,059","(X)","366,361","±344","366,361","(X)","155,781","±129","155,781","(X)","21,634","±245","21,634","(X)","20,055","±31","20,055","(X)","125,000","±147","125,000","(X)","7,252","±7","7,252","(X)","18,886","±44","18,886","(X)","21,626","±55","21,626","(X)","44,202","±40","44,202","(X)","50,918","±48","50,918","(X)","10,747","±7","10,747","(X)","19,374","±10","19,374","(X)","40,376","±36","40,376","(X)","80,627","±122","80,627","(X)","50,912","±147","50,912","(X)","47,136","±82","47,136","(X)","268,973","±433","268,973","(X)","135,585","±72","135,585","(X)","3,674","±15","3,674","(X)","105,002","±104","105,002","(X)","20,263","±54","20,263","(X)","56,406","±99","56,406","(X)","41,618","±350","41,618","(X)","43,347","±88","43,347","(X)","34,924","±31","34,924","(X)","27,279","±48","27,279","(X)","9,276","±25","9,276","(X)","10,953","±165","10,953","(X)","12,024","±91","12,024","(X)"
"        With health insurance coverage","4,161,643","±8,893","92.2%","±0.2","52,735","±585","93.6%","±1.0","17,755","±406","92.8%","±2.1","121,301","±1,006","93.8%","±0.8","18,561","±355","91.4%","±1.7","33,643","±471","92.7%","±1.3","32,363","±602","91.5%","±1.7","11,237","±257","91.4%","±2.0","112,054","±1,193","90.5%","±0.9","208,459","±1,510","92.6%","±0.7","189,743","±1,682","92.4%","±0.8","8,647","±215","94.0%","±2.3","4,872","±78","97.6%","±1.6","7,050","±168","93.2%","±2.2","11,499","±192","96.3%","±1.5","15,452","±361","90.2%","±2.1","25,414","±311","94.8%","±1.2","412,135","±3,180","91.8%","±0.7","5,092","±133","96.0%","±2.1","15,885","±387","95.2%","±1.7","28,216","±475","91.5%","±1.5","17,011","±347","92.3%","±1.9","17,591","±406","92.9%","±1.9","63,399","±705","93.4%","±1.0","24,981","±578","91.9%","±2.1","12,981","±269","92.3%","±1.9","378,408","±2,783","88.6%","±0.7","29,631","±412","94.2%","±1.3","224,527","±1,807","91.3%","±0.7","89,827","±771","94.3%","±0.8","13,272","±229","96.4%","±1.7","44,965","±548","94.6%","±1.2","134,193","±1,511","91.4%","±1.0","7,597","±173","91.2%","±2.1","22,397","±268","94.4%","±1.1","33,628","±346","93.3%","±1.0","336,661","±1,696","91.9%","±0.5","144,262","±1,640","92.6%","±1.1","20,227","±352","93.5%","±1.3","18,637","±409","92.9%","±2.0","114,933","±998","91.9%","±0.8","6,667","±179","91.9%","±2.5","17,607","±367","93.2%","±1.9","20,062","±273","92.8%","±1.3","40,771","±437","92.2%","±1.0","47,336","±608","93.0%","±1.2","10,023","±294","93.3%","±2.7","18,459","±276","95.3%","±1.4","37,679","±507","93.3%","±1.3","74,858","±923","92.8%","±1.1","47,803","±691","93.9%","±1.3","43,145","±561","91.5%","±1.2","250,650","±1,788","93.2%","±0.6","125,715","±1,285","92.7%","±0.9","3,469","±87","94.4%","±2.4","96,836","±980","92.2%","±0.9","18,254","±562","90.1%","±2.8","52,193","±861","92.5%","±1.5","38,803","±451","93.2%","±0.9","40,662","±567","93.8%","±1.3","33,105","±387","94.8%","±1.1","25,992","±375","95.3%","±1.4","8,727","±172","94.1%","±1.8","10,347","±388","94.5%","±3.5","11,239","±275","93.5%","±2.3"
"            With private health insurance","2,606,398","±18,216","57.7%","±0.4","29,098","±1,502","51.7%","±2.7","9,715","±1,042","50.8%","±5.4","89,580","±2,715","69.3%","±2.1","11,044","±757","54.4%","±3.7","15,684","±1,082","43.2%","±2.9","21,937","±1,114","62.0%","±3.2","5,946","±419","48.4%","±3.4","79,718","±1,983","64.4%","±1.6","118,839","±3,365","52.8%","±1.5","125,710","±3,560","61.2%","±1.7","4,244","±505","46.2%","±5.3","3,745","±330","75.0%","±6.6","3,721","±483","49.2%","±6.3","5,657","±530","47.4%","±4.4","7,303","±596","42.7%","±3.5","14,604","±878","54.5%","±3.3","281,654","±4,603","62.7%","±1.0","2,400","±367","45.2%","±6.9","10,308","±785","61.8%","±4.6","14,058","±823","45.6%","±2.7","8,919","±789","48.4%","±4.3","10,661","±777","56.3%","±4.0","33,296","±1,796","49.1%","±2.6","15,099","±776","55.6%","±2.8","7,541","±509","53.6%","±3.6","232,272","±4,717","54.4%","±1.1","19,455","±959","61.9%","±3.1","153,409","±3,216","62.4%","±1.3","59,307","±1,891","62.3%","±2.0","8,754","±588","63.6%","±4.3","29,642","±1,151","62.4%","±2.4","92,964","±3,068","63.3%","±2.1","2,994","±285","35.9%","±3.4","10,540","±777","44.4%","±3.3","18,899","±817","52.4%","±2.3","204,315","±3,006","55.8%","±0.8","86,253","±2,369","55.4%","±1.5","15,045","±830","69.5%","±3.9","11,701","±764","58.3%","±3.8","70,348","±1,915","56.3%","±1.5","3,385","±395","46.7%","±5.4","8,791","±740","46.5%","±3.9","11,297","±577","52.2%","±2.7","21,584","±1,186","48.8%","±2.7","34,513","±1,272","67.8%","±2.5","4,366","±555","40.6%","±5.2","12,214","±592","63.0%","±3.1","20,389","±1,532","50.5%","±3.8","38,617","±1,995","47.9%","±2.5","28,043","±1,290","55.1%","±2.5","22,603","±1,273","48.0%","±2.7","177,972","±3,502","66.2%","±1.3","71,953","±2,754","53.1%","±2.0","1,277","±174","34.8%","±4.7","60,805","±2,494","57.9%","±2.4","9,409","±813","46.4%","±4.0","31,779","±1,639","56.3%","±2.9","25,697","±957","61.7%","±2.4","20,346","±1,133","46.9%","±2.6","17,464","±1,118","50.0%","±3.2","19,298","±833","70.7%","±3.1","4,652","±509","50.2%","±5.5","7,710","±586","70.4%","±5.2","5,855","±597","48.7%","±5.0"
"            With public coverage","2,099,686","±13,612","46.5%","±0.3","29,514","±1,268","52.4%","±2.3","10,602","±712","55.4%","±3.7","43,208","±2,397","33.4%","±1.9","9,632","±720","47.4%","±3.5","22,618","±967","62.3%","±2.7","16,188","±923","45.8%","±2.6","7,287","±343","59.3%","±2.8","50,989","±1,905","41.2%","±1.5","122,306","±2,728","54.3%","±1.2","89,240","±3,213","43.5%","±1.6","5,449","±423","59.3%","±4.8","2,327","±307","46.6%","±6.2","4,479","±472","59.2%","±6.3","7,914","±494","66.3%","±4.2","10,447","±558","61.0%","±3.2","14,272","±826","53.3%","±3.1","183,673","±4,538","40.9%","±1.0","3,689","±337","69.5%","±6.2","7,579","±747","45.4%","±4.4","17,912","±877","58.1%","±2.8","10,796","±767","58.5%","±4.1","9,503","±612","50.2%","±3.2","38,311","±1,603","56.4%","±2.4","12,614","±747","46.4%","±2.8","7,342","±520","52.2%","±3.7","194,723","±3,813","45.6%","±0.9","14,039","±895","44.6%","±2.8","97,205","±2,766","39.5%","±1.1","43,808","±1,687","46.0%","±1.8","6,536","±555","47.5%","±4.0","19,984","±1,145","42.0%","±2.4","56,988","±2,496","38.8%","±1.7","5,700","±305","68.4%","±3.7","14,960","±677","63.1%","±2.8","19,539","±614","54.2%","±1.7","166,961","±2,763","45.6%","±0.8","77,776","±2,196","49.9%","±1.4","8,193","±735","37.9%","±3.3","10,166","±787","50.7%","±3.9","64,655","±1,807","51.7%","±1.4","4,154","±315","57.3%","±4.4","11,625","±633","61.6%","±3.3","12,051","±525","55.7%","±2.4","23,546","±1,131","53.3%","±2.6","18,287","±1,096","35.9%","±2.1","6,841","±548","63.7%","±5.1","8,496","±524","43.9%","±2.7","21,743","±1,284","53.9%","±3.2","45,042","±1,769","55.9%","±2.2","25,663","±1,040","50.4%","±2.1","26,125","±1,133","55.4%","±2.4","104,285","±2,884","38.8%","±1.1","70,439","±2,510","52.0%","±1.8","2,900","±129","78.9%","±3.5","47,742","±1,885","45.5%","±1.8","11,512","±779","56.8%","±3.9","26,721","±1,348","47.4%","±2.4","19,941","±865","47.9%","±1.9","25,684","±1,102","59.3%","±2.5","20,793","±968","59.5%","±2.8","10,390","±1,054","38.1%","±3.9","5,533","±496","59.6%","±5.3","3,998","±477","36.5%","±4.4","7,051","±515","58.6%","±4.2"
"        No health insurance coverage","353,984","±8,808","7.8%","±0.2","3,584","±585","6.4%","±1.0","1,372","±401","7.2%","±2.1","8,056","±978","6.2%","±0.8","1,756","±353","8.6%","±1.7","2,643","±474","7.3%","±1.3","2,991","±613","8.5%","±1.7","1,060","±244","8.6%","±2.0","11,777","±1,104","9.5%","±0.9","16,748","±1,506","7.4%","±0.7","15,522","±1,682","7.6%","±0.8","548","±210","6.0%","±2.3","119","±79","2.4%","±1.6","515","±166","6.8%","±2.2","439","±180","3.7%","±1.5","1,671","±355","9.8%","±2.1","1,382","±312","5.2%","±1.2","36,944","±3,180","8.2%","±0.7","214","±109","4.0%","±2.1","800","±280","4.8%","±1.7","2,634","±453","8.5%","±1.5","1,428","±349","7.7%","±1.9","1,354","±367","7.1%","±1.9","4,470","±702","6.6%","±1.0","2,198","±565","8.1%","±2.1","1,085","±271","7.7%","±1.9","48,775","±2,808","11.4%","±0.7","1,823","±414","5.8%","±1.3","21,335","±1,801","8.7%","±0.7","5,412","±768","5.7%","±0.8","502","±229","3.6%","±1.7","2,567","±549","5.4%","±1.2","12,688","±1,520","8.6%","±1.0","734","±171","8.8%","±2.1","1,318","±267","5.6%","±1.1","2,431","±343","6.7%","±1.0","29,700","±1,694","8.1%","±0.5","11,519","±1,668","7.4%","±1.1","1,407","±279","6.5%","±1.3","1,418","±402","7.1%","±2.0","10,067","±992","8.1%","±0.8","585","±178","8.1%","±2.5","1,279","±366","6.8%","±1.9","1,564","±277","7.2%","±1.3","3,431","±436","7.8%","±1.0","3,582","±609","7.0%","±1.2","724","±294","6.7%","±2.7","915","±276","4.7%","±1.4","2,697","±509","6.7%","±1.3","5,769","±885","7.2%","±1.1","3,109","±670","6.1%","±1.3","3,991","±576","8.5%","±1.2","18,323","±1,675","6.8%","±0.6","9,870","±1,277","7.3%","±0.9","205","±86","5.6%","±2.4","8,166","±987","7.8%","±0.9","2,009","±565","9.9%","±2.8","4,213","±863","7.5%","±1.5","2,815","±396","6.8%","±0.9","2,685","±582","6.2%","±1.3","1,819","±385","5.2%","±1.1","1,287","±379","4.7%","±1.4","549","±169","5.9%","±1.8","606","±383","5.5%","±3.5","785","±281","6.5%","±2.3"
"    Civilian noninstitutionalized population under 19 years","1,140,815","±1,874","1,140,815","(X)","15,377","±177","15,377","(X)","5,551","±203","5,551","(X)","35,893","±324","35,893","(X)","4,429","±151","4,429","(X)","9,744","±135","9,744","(X)","9,729","±91","9,729","(X)","2,937","±59","2,937","(X)","33,688","±230","33,688","(X)","56,683","±341","56,683","(X)","53,532","±351","53,532","(X)","2,152","±57","2,152","(X)","1,245","±109","1,245","(X)","1,981","±57","1,981","(X)","2,840","±115","2,840","(X)","4,362","±136","4,362","(X)","6,726","±88","6,726","(X)","112,770","±853","112,770","(X)","1,428","±127","1,428","(X)","3,458","±144","3,458","(X)","8,613","±163","8,613","(X)","5,082","±172","5,082","(X)","4,868","±73","4,868","(X)","18,275","±130","18,275","(X)","6,311","±255","6,311","(X)","3,316","±114","3,316","(X)","101,103","±481","101,103","(X)","8,370","±147","8,370","(X)","62,450","±350","62,450","(X)","23,290","±282","23,290","(X)","3,471","±342","3,471","(X)","10,963","±270","10,963","(X)","39,836","±302","39,836","(X)","2,562","±124","2,562","(X)","6,040","±192","6,040","(X)","9,376","±197","9,376","(X)","77,314","±418","77,314","(X)","40,951","±258","40,951","(X)","5,895","±164","5,895","(X)","4,332","±17","4,332","(X)","33,095","±251","33,095","(X)","1,846","±63","1,846","(X)","4,835","±106","4,835","(X)","5,407","±82","5,407","(X)","12,070","±146","12,070","(X)","12,918","±204","12,918","(X)","2,294","±99","2,294","(X)","4,686","±188","4,686","(X)","10,164","±220","10,164","(X)","22,583","±207","22,583","(X)","12,906","±100","12,906","(X)","12,313","±173","12,313","(X)","67,989","±387","67,989","(X)","35,306","±267","35,306","(X)","946","±53","946","(X)","27,642","±216","27,642","(X)","4,709","±124","4,709","(X)","15,095","±129","15,095","(X)","12,495","±130","12,495","(X)","11,088","±116","11,088","(X)","8,454","±96","8,454","(X)","7,196","±160","7,196","(X)","2,210","±115","2,210","(X)","2,759","±169","2,759","(X)","2,866","±153","2,866","(X)"
"        No health insurance coverage","52,045","±2,994","4.6%","±0.3","378","±174","2.5%","±1.1","72","±57","1.3%","±1.0","1,015","±400","2.8%","±1.1","20","±47","0.5%","±1.1","255","±116","2.6%","±1.2","838","±357","8.6%","±3.7","29","±38","1.0%","±1.3","2,704","±590","8.0%","±1.7","2,428","±735","4.3%","±1.3","2,327","±810","4.3%","±1.5","45","±43","2.1%","±2.0","21","±35","1.7%","±2.8","121","±95","6.1%","±4.8","33","±32","1.2%","±1.1","55","±57","1.3%","±1.3","93","±71","1.4%","±1.1","6,959","±1,746","6.2%","±1.5","8","±13","0.6%","±0.9","14","±17","0.4%","±0.5","156","±113","1.8%","±1.3","94","±67","1.8%","±1.3","119","±88","2.4%","±1.8","467","±240","2.6%","±1.3","253","±188","4.0%","±3.0","184","±83","5.5%","±2.5","8,033","±1,115","7.9%","±1.1","208","±130","2.5%","±1.5","2,281","±575","3.7%","±0.9","599","±247","2.6%","±1.1","58","±58","1.7%","±1.7","360","±188","3.3%","±1.7","2,151","±557","5.4%","±1.4","89","±62","3.5%","±2.4","181","±142","3.0%","±2.3","235","±106","2.5%","±1.1","4,153","±903","5.4%","±1.2","1,821","±669","4.4%","±1.6","124","±70","2.1%","±1.2","83","±95","1.9%","±2.2","1,372","±399","4.1%","±1.2","91","±76","4.9%","±4.1","207","±153","4.3%","±3.2","116","±67","2.1%","±1.2","515","±198","4.3%","±1.6","498","±226","3.9%","±1.8","22","±47","1.0%","±2.0","98","±84","2.1%","±1.8","98","±95","1.0%","±0.9","901","±476","4.0%","±2.1","524","±252","4.1%","±2.0","415","±187","3.4%","±1.5","3,602","±974","5.3%","±1.4","1,357","±638","3.8%","±1.8","3","±5","0.3%","±0.5","1,116","±326","4.0%","±1.2","462","±213","9.8%","±4.6","478","±294","3.2%","±2.0","413","±121","3.3%","±1.0","337","±208","3.0%","±1.9","201","±114","2.4%","±1.3","22","±38","0.3%","±0.5","104","±79","4.7%","±3.6","29","±31","1.1%","±1.1","0","±22","0.0%","±1.6"
"    Civilian noninstitutionalized population 19 to 64 years","2,623,602","±2,105","2,623,602","(X)","32,014","±194","32,014","(X)","10,542","±234","10,542","(X)","76,874","±397","76,874","(X)","11,772","±165","11,772","(X)","20,122","±212","20,122","(X)","19,768","±186","19,768","(X)","6,818","±77","6,818","(X)","70,672","±668","70,672","(X)","127,059","±427","127,059","(X)","119,081","±430","119,081","(X)","5,353","±138","5,353","(X)","2,769","±141","2,769","(X)","4,064","±86","4,064","(X)","6,361","±156","6,361","(X)","9,340","±149","9,340","(X)","15,092","±115","15,092","(X)","268,882","±918","268,882","(X)","2,840","±165","2,840","(X)","9,616","±230","9,616","(X)","17,341","±172","17,341","(X)","9,698","±191","9,698","(X)","10,724","±161","10,724","(X)","38,303","±153","38,303","(X)","15,922","±316","15,922","(X)","7,821","±134","7,821","(X)","246,987","±547","246,987","(X)","17,859","±169","17,859","(X)","147,877","±458","147,877","(X)","56,365","±297","56,365","(X)","7,907","±261","7,907","(X)","29,944","±281","29,944","(X)","86,899","±338","86,899","(X)","4,193","±120","4,193","(X)","12,923","±202","12,923","(X)","20,578","±210","20,578","(X)","226,817","±547","226,817","(X)","90,317","±348","90,317","(X)","12,626","±283","12,626","(X)","11,300","±59","11,300","(X)","70,787","±375","70,787","(X)","4,021","±70","4,021","(X)","10,567","±129","10,567","(X)","11,681","±116","11,681","(X)","26,214","±154","26,214","(X)","30,139","±211","30,139","(X)","6,176","±100","6,176","(X)","10,897","±181","10,897","(X)","23,904","±245","23,904","(X)","44,758","±253","44,758","(X)","29,335","±188","29,335","(X)","26,297","±210","26,297","(X)","151,630","±568","151,630","(X)","79,708","±324","79,708","(X)","1,622","±53","1,622","(X)","60,889","±278","60,889","(X)","11,124","±155","11,124","(X)","32,207","±180","32,207","(X)","22,696","±357","22,696","(X)","23,785","±185","23,785","(X)","19,312","±129","19,312","(X)","15,964","±178","15,964","(X)","5,069","±128","5,069","(X)","6,561","±244","6,561","(X)","6,819","±207","6,819","(X)"
"        In labor force:","1,950,805","±6,898","1,950,805","(X)","21,905","±822","21,905","(X)","7,601","±465","7,601","(X)","62,898","±1,149","62,898","(X)","8,605","±448","8,605","(X)","13,806","±502","13,806","(X)","14,322","±504","14,322","(X)","4,356","±268","4,356","(X)","53,417","±1,226","53,417","(X)","92,238","±1,682","92,238","(X)","89,343","±1,760","89,343","(X)","3,395","±297","3,395","(X)","2,021","±177","2,021","(X)","2,710","±209","2,710","(X)","3,765","±357","3,765","(X)","5,971","±382","5,971","(X)","10,350","±508","10,350","(X)","204,999","±2,804","204,999","(X)","2,204","±272","2,204","(X)","6,610","±394","6,610","(X)","11,971","±458","11,971","(X)","6,655","±368","6,655","(X)","7,696","±407","7,696","(X)","27,668","±790","27,668","(X)","11,388","±609","11,388","(X)","5,019","±374","5,019","(X)","194,962","±1,677","194,962","(X)","12,525","±637","12,525","(X)","115,217","±1,555","115,217","(X)","40,111","±1,012","40,111","(X)","5,891","±391","5,891","(X)","18,452","±798","18,452","(X)","66,534","±1,274","66,534","(X)","2,672","±232","2,672","(X)","9,089","±457","9,089","(X)","13,708","±428","13,708","(X)","168,179","±1,997","168,179","(X)","67,489","±1,164","67,489","(X)","9,912","±487","9,912","(X)","8,253","±346","8,253","(X)","52,319","±1,002","52,319","(X)","2,542","±251","2,542","(X)","7,141","±369","7,141","(X)","7,547","±377","7,547","(X)","19,103","±780","19,103","(X)","23,846","±740","23,846","(X)","4,266","±348","4,266","(X)","8,173","±378","8,173","(X)","17,669","±660","17,669","(X)","29,905","±1,001","29,905","(X)","21,434","±568","21,434","(X)","18,016","±670","18,016","(X)","119,890","±1,746","119,890","(X)","58,292","±1,498","58,292","(X)","879","±119","879","(X)","44,924","±1,232","44,924","(X)","7,434","±416","7,434","(X)","22,994","±813","22,994","(X)","15,458","±473","15,458","(X)","16,039","±630","16,039","(X)","12,681","±636","12,681","(X)","12,979","±501","12,979","(X)","3,482","±216","3,482","(X)","5,283","±365","5,283","(X)","4,602","±386","4,602","(X)"
"            Employed:","1,829,920","±7,549","1,829,920","(X)","20,253","±783","20,253","(X)","6,920","±559","6,920","(X)","60,212","±1,425","60,212","(X)","8,176","±446","8,176","(X)","12,777","±487","12,777","(X)","13,337","±509","13,337","(X)","4,077","±291","4,077","(X)","50,355","±1,305","50,355","(X)","84,328","±1,668","84,328","(X)","84,481","±1,871","84,481","(X)","3,046","±317","3,046","(X)","1,975","±177","1,975","(X)","2,435","±204","2,435","(X)","3,571","±344","3,571","(X)","5,226","±397","5,226","(X)","9,768","±497","9,768","(X)","189,733","±2,858","189,733","(X)","1,884","±297","1,884","(X)","6,198","±435","6,198","(X)","10,936","±527","10,936","(X)","6,198","±355","6,198","(X)","7,402","±432","7,402","(X)","25,624","±836","25,624","(X)","10,687","±628","10,687","(X)","4,714","±382","4,714","(X)","183,325","±1,838","183,325","(X)","12,003","±664","12,003","(X)","109,344","±1,777","109,344","(X)","38,470","±952","38,470","(X)","5,595","±412","5,595","(X)","17,829","±863","17,829","(X)","63,916","±1,335","63,916","(X)","2,550","±230","2,550","(X)","8,202","±537","8,202","(X)","12,871","±396","12,871","(X)","155,511","±2,219","155,511","(X)","63,269","±1,293","63,269","(X)","9,486","±505","9,486","(X)","7,619","±370","7,619","(X)","49,482","±1,050","49,482","(X)","2,472","±258","2,472","(X)","6,504","±397","6,504","(X)","7,075","±363","7,075","(X)","17,670","±767","17,670","(X)","22,208","±834","22,208","(X)","3,589","±427","3,589","(X)","7,850","±387","7,850","(X)","15,779","±715","15,779","(X)","27,953","±920","27,953","(X)","20,679","±579","20,679","(X)","16,958","±774","16,958","(X)","114,192","±1,638","114,192","(X)","54,709","±1,607","54,709","(X)","767","±124","767","(X)","42,895","±1,212","42,895","(X)","7,089","±435","7,089","(X)","21,816","±764","21,816","(X)","14,639","±450","14,639","(X)","14,373","±692","14,373","(X)","12,109","±616","12,109","(X)","12,136","±567","12,136","(X)","3,286","±226","3,286","(X)","5,045","±411","5,045","(X)","4,342","±407","4,342","(X)"
"                With health insurance coverage","1,635,858","±8,852","89.4%","±0.3","17,984","±873","88.8%","±2.3","6,113","±566","88.3%","±4.2","55,046","±1,684","91.4%","±1.2","7,108","±393","86.9%","±3.5","11,292","±604","88.4%","±2.8","11,932","±601","89.5%","±2.4","3,513","±277","86.2%","±4.2","44,432","±1,422","88.2%","±1.5","75,658","±1,711","89.7%","±1.0","75,713","±1,915","89.6%","±1.3","2,700","±294","88.6%","±5.5","1,936","±179","98.0%","±2.0","2,222","±205","91.3%","±3.6","3,268","±326","91.5%","±4.4","4,548","±373","87.0%","±3.9","8,901","±515","91.1%","±2.3","172,402","±3,067","90.9%","±0.8","1,822","±307","96.7%","±3.0","5,927","±440","95.6%","±2.6","9,495","±513","86.8%","±3.3","5,357","±377","86.4%","±4.0","6,575","±520","88.8%","±3.8","23,170","±902","90.4%","±1.8","9,496","±601","88.9%","±3.3","4,158","±364","88.2%","±3.8","155,068","±2,567","84.6%","±1.0","11,081","±721","92.3%","±2.1","96,808","±2,030","88.5%","±1.1","35,675","±998","92.7%","±1.3","5,403","±422","96.6%","±2.0","16,325","±883","91.6%","±2.3","56,632","±1,466","88.6%","±1.6","2,218","±245","87.0%","±5.1","7,577","±477","92.4%","±2.3","11,845","±384","92.0%","±1.4","140,214","±2,333","90.2%","±0.7","56,131","±1,382","88.7%","±1.5","8,741","±531","92.1%","±2.2","6,793","±476","89.2%","±3.9","43,787","±1,209","88.5%","±1.6","2,186","±279","88.4%","±4.8","5,873","±393","90.3%","±3.5","6,233","±370","88.1%","±2.8","15,797","±799","89.4%","±1.6","20,308","±854","91.4%","±1.6","3,154","±398","87.9%","±4.5","7,397","±402","94.2%","±1.8","14,487","±694","91.8%","±1.9","25,087","±943","89.7%","±1.7","18,901","±678","91.4%","±2.0","14,670","±832","86.5%","±2.0","103,275","±1,688","90.4%","±0.9","49,258","±1,662","90.0%","±1.4","719","±122","93.7%","±3.8","38,406","±1,291","89.5%","±1.5","5,914","±483","83.4%","±4.4","19,290","±876","88.4%","±2.4","12,894","±476","88.1%","±2.0","12,931","±737","90.0%","±3.0","11,062","±634","91.4%","±2.3","11,287","±602","93.0%","±2.4","3,005","±212","91.4%","±3.0","4,768","±467","94.5%","±3.3","3,890","±464","89.6%","±4.9"
"                    With private health insurance","1,375,338","±10,359","75.2%","±0.4","14,314","±880","70.7%","±3.1","4,563","±653","65.9%","±6.8","49,818","±1,789","82.7%","±1.8","5,964","±457","72.9%","±4.2","7,823","±644","61.2%","±4.2","10,103","±653","75.8%","±3.3","2,725","±299","66.8%","±6.0","38,656","±1,486","76.8%","±2.1","60,436","±1,780","71.7%","±1.5","65,500","±1,958","77.5%","±1.5","2,103","±307","69.0%","±8.5","1,702","±237","86.2%","±6.5","1,603","±271","65.8%","±8.2","2,537","±337","71.0%","±6.6","3,445","±359","65.9%","±5.8","7,168","±468","73.4%","±4.0","150,885","±3,313","79.5%","±1.1","1,259","±279","66.8%","±9.8","5,104","±502","82.3%","±5.1","7,201","±544","65.8%","±4.3","3,995","±475","64.5%","±5.6","5,580","±529","75.4%","±4.7","17,961","±1,061","70.1%","±3.5","8,445","±562","79.0%","±3.7","3,590","±384","76.2%","±4.7","130,509","±3,035","71.2%","±1.4","9,599","±707","80.0%","±3.2","83,434","±1,950","76.3%","±1.3","30,591","±1,101","79.5%","±2.1","4,692","±486","83.9%","±5.1","14,078","±901","79.0%","±3.0","50,260","±1,652","78.6%","±2.0","1,425","±206","55.9%","±7.0","5,547","±489","67.6%","±4.9","9,189","±451","71.4%","±2.7","118,968","±2,377","76.5%","±0.9","45,143","±1,486","71.4%","±1.9","7,896","±590","83.2%","±3.3","5,561","±434","73.0%","±3.6","35,127","±1,220","71.0%","±2.0","1,654","±242","66.9%","±7.9","4,484","±426","68.9%","±5.5","4,800","±361","67.8%","±3.5","12,717","±906","72.0%","±3.1","18,525","±855","83.4%","±2.0","2,290","±458","63.8%","±8.2","6,289","±385","80.1%","±3.4","11,424","±910","72.4%","±4.1","19,866","±1,038","71.1%","±2.5","15,335","±825","74.2%","±3.0","11,473","±845","67.7%","±3.0","91,465","±1,822","80.1%","±1.1","38,882","±1,805","71.1%","±2.1","446","±101","58.1%","±9.9","32,058","±1,305","74.7%","±2.7","4,653","±527","65.6%","±5.5","15,782","±871","72.3%","±2.9","10,447","±577","71.4%","±3.0","9,486","±678","66.0%","±4.1","8,475","±623","70.0%","±4.1","10,485","±650","86.4%","±3.1","2,155","±300","65.6%","±7.7","4,417","±523","87.6%","±5.0","3,231","±488","74.4%","±7.4"
"                    With public coverage","335,845","±5,751","18.4%","±0.3","4,353","±562","21.5%","±2.7","1,976","±341","28.6%","±5.1","7,215","±875","12.0%","±1.4","1,356","±301","16.6%","±3.9","4,275","±561","33.5%","±4.1","2,730","±403","20.5%","±3.1","1,139","±196","27.9%","±4.6","8,583","±829","17.0%","±1.6","20,684","±1,136","24.5%","±1.4","13,619","±1,298","16.1%","±1.5","632","±238","20.7%","±7.4","382","±150","19.3%","±7.9","735","±201","30.2%","±8.5","928","±238","26.0%","±6.5","1,266","±279","24.2%","±4.8","2,080","±415","21.3%","±3.9","29,261","±1,788","15.4%","±0.9","886","±253","47.0%","±10.9","939","±266","15.2%","±4.3","3,202","±420","29.3%","±3.5","1,643","±292","26.5%","±5.2","1,302","±229","17.6%","±3.1","6,292","±906","24.6%","±3.4","1,382","±303","12.9%","±2.7","756","±204","16.0%","±4.3","31,007","±1,742","16.9%","±0.9","1,858","±367","15.5%","±3.0","16,753","±1,379","15.3%","±1.2","6,791","±821","17.7%","±2.1","821","±326","14.7%","±5.8","2,642","±442","14.8%","±2.4","8,948","±849","14.0%","±1.3","940","±193","36.9%","±6.5","2,352","±411","28.7%","±4.5","3,286","±374","25.5%","±2.8","26,522","±1,424","17.1%","±0.9","13,375","±1,076","21.1%","±1.7","1,473","±304","15.5%","±3.3","1,519","±284","19.9%","±3.7","11,137","±1,005","22.5%","±1.9","562","±197","22.7%","±6.8","1,974","±331","30.4%","±4.9","1,653","±249","23.4%","±3.5","4,126","±453","23.4%","±2.8","2,474","±383","11.1%","±1.7","999","±285","27.8%","±8.5","1,214","±242","15.5%","±2.9","3,707","±622","23.5%","±4.0","6,645","±610","23.8%","±2.2","4,649","±555","22.5%","±2.7","3,704","±436","21.8%","±2.6","15,082","±1,312","13.2%","±1.1","13,252","±1,082","24.2%","±2.0","298","±93","38.9%","±9.9","8,084","±1,031","18.8%","±2.2","1,460","±318","20.6%","±4.7","4,067","±501","18.6%","±2.2","3,731","±340","25.5%","±2.3","4,226","±596","29.4%","±3.8","3,140","±494","25.9%","±3.8","1,364","±406","11.2%","±3.4","1,041","±264","31.7%","±8.0","460","±202","9.1%","±4.2","893","±235","20.6%","±5.3"
"                No health insurance coverage","194,062","±5,278","10.6%","±0.3","2,269","±456","11.2%","±2.3","807","±299","11.7%","±4.2","5,166","±719","8.6%","±1.2","1,068","±309","13.1%","±3.5","1,485","±352","11.6%","±2.8","1,405","±314","10.5%","±2.4","564","±182","13.8%","±4.2","5,923","±783","11.8%","±1.5","8,670","±876","10.3%","±1.0","8,768","±1,119","10.4%","±1.3","346","±178","11.4%","±5.5","39","±41","2.0%","±2.0","213","±89","8.7%","±3.6","303","±167","8.5%","±4.4","678","±216","13.0%","±3.9","867","±226","8.9%","±2.3","17,331","±1,429","9.1%","±0.8","62","±54","3.3%","±3.0","271","±167","4.4%","±2.6","1,441","±384","13.2%","±3.3","841","±258","13.6%","±4.0","827","±277","11.2%","±3.8","2,454","±468","9.6%","±1.8","1,191","±369","11.1%","±3.3","556","±190","11.8%","±3.8","28,257","±1,753","15.4%","±1.0","922","±248","7.7%","±2.1","12,536","±1,155","11.5%","±1.1","2,795","±505","7.3%","±1.3","192","±111","3.4%","±2.0","1,504","±428","8.4%","±2.3","7,284","±1,045","11.4%","±1.6","332","±133","13.0%","±5.1","625","±206","7.6%","±2.3","1,026","±186","8.0%","±1.4","15,297","±1,100","9.8%","±0.7","7,138","±1,002","11.3%","±1.5","745","±208","7.9%","±2.2","826","±298","10.8%","±3.9","5,695","±798","11.5%","±1.6","286","±114","11.6%","±4.8","631","±234","9.7%","±3.5","842","±201","11.9%","±2.8","1,873","±282","10.6%","±1.6","1,900","±372","8.6%","±1.6","435","±175","12.1%","±4.5","453","±145","5.8%","±1.8","1,292","±319","8.2%","±1.9","2,866","±494","10.3%","±1.7","1,778","±421","8.6%","±2.0","2,288","±324","13.5%","±2.0","10,917","±1,045","9.6%","±0.9","5,451","±763","10.0%","±1.4","48","±29","6.3%","±3.8","4,489","±648","10.5%","±1.5","1,175","±321","16.6%","±4.4","2,526","±515","11.6%","±2.4","1,745","±308","11.9%","±2.0","1,442","±442","10.0%","±3.0","1,047","±286","8.6%","±2.3","849","±293","7.0%","±2.4","281","±104","8.6%","±3.0","277","±161","5.5%","±3.3","452","±207","10.4%","±4.9"
"            Unemployed:","120,885","±3,537","120,885","(X)","1,652","±382","1,652","(X)","681","±260","681","(X)","2,686","±656","2,686","(X)","429","±160","429","(X)","1,029","±221","1,029","(X)","985","±279","985","(X)","279","±102","279","(X)","3,062","±620","3,062","(X)","7,910","±807","7,910","(X)","4,862","±753","4,862","(X)","349","±137","349","(X)","46","±36","46","(X)","275","±110","275","(X)","194","±111","194","(X)","745","±231","745","(X)","582","±153","582","(X)","15,266","±1,437","15,266","(X)","320","±184","320","(X)","412","±192","412","(X)","1,035","±299","1,035","(X)","457","±136","457","(X)","294","±117","294","(X)","2,044","±384","2,044","(X)","701","±237","701","(X)","305","±166","305","(X)","11,637","±1,077","11,637","(X)","522","±159","522","(X)","5,873","±851","5,873","(X)","1,641","±393","1,641","(X)","296","±150","296","(X)","623","±363","623","(X)","2,618","±594","2,618","(X)","122","±71","122","(X)","887","±298","887","(X)","837","±205","837","(X)","12,668","±1,072","12,668","(X)","4,220","±598","4,220","(X)","426","±184","426","(X)","634","±214","634","(X)","2,837","±472","2,837","(X)","70","±44","70","(X)","637","±206","637","(X)","472","±141","472","(X)","1,433","±367","1,433","(X)","1,638","±443","1,638","(X)","677","±270","677","(X)","323","±149","323","(X)","1,890","±542","1,890","(X)","1,952","±404","1,952","(X)","755","±213","755","(X)","1,058","±361","1,058","(X)","5,698","±840","5,698","(X)","3,583","±602","3,583","(X)","112","±60","112","(X)","2,029","±393","2,029","(X)","345","±132","345","(X)","1,178","±263","1,178","(X)","819","±145","819","(X)","1,666","±429","1,666","(X)","572","±193","572","(X)","843","±313","843","(X)","196","±91","196","(X)","238","±160","238","(X)","260","±129","260","(X)"
"                With health insurance coverage","93,282","±3,155","77.2%","±1.2","1,350","±351","81.7%","±8.0","466","±205","68.4%","±11.8","2,389","±660","88.9%","±6.5","198","±108","46.2%","±19.4","873","±234","84.8%","±9.9","857","±271","87.0%","±6.7","242","±95","86.7%","±13.1","2,595","±593","84.7%","±7.6","6,289","±686","79.5%","±5.4","3,806","±696","78.3%","±6.5","326","±136","93.4%","±8.7","22","±21","47.8%","±39.8","197","±103","71.6%","±29.5","184","±111","94.8%","±7.2","358","±159","48.1%","±16.3","466","±129","80.1%","±10.2","11,381","±1,112","74.6%","±4.3","287","±184","89.7%","±13.9","310","±144","75.2%","±16.9","582","±196","56.2%","±14.4","426","±132","93.2%","±6.3","151","±91","51.4%","±23.6","1,605","±365","78.5%","±9.4","490","±205","69.9%","±19.5","120","±67","39.3%","±20.8","8,407","±823","72.2%","±4.8","420","±130","80.5%","±11.8","4,113","±694","70.0%","±6.5","1,226","±335","74.7%","±11.3","285","±148","96.3%","±4.8","543","±348","87.2%","±11.7","1,781","±502","68.0%","±10.7","109","±72","89.3%","±14.3","764","±275","86.1%","±9.4","546","±126","65.2%","±12.1","10,134","±918","80.0%","±4.1","3,476","±571","82.4%","±6.4","287","±140","67.4%","±21.2","469","±175","74.0%","±18.9","2,193","±379","77.3%","±7.5","70","±44","100.0%","±41.7","499","±175","78.3%","±16.8","377","±138","79.9%","±10.5","1,262","±307","88.1%","±9.7","1,237","±366","75.5%","±12.7","531","±222","78.4%","±21.3","310","±152","96.0%","±8.7","1,390","±483","73.5%","±12.1","1,672","±392","85.7%","±6.5","636","±197","84.2%","±11.2","788","±315","74.5%","±14.7","4,568","±770","80.2%","±5.7","2,974","±629","83.0%","±7.0","45","±33","40.2%","±27.3","1,550","±354","76.4%","±9.5","293","±115","84.9%","±14.6","806","±221","68.4%","±13.5","586","±106","71.6%","±10.1","1,306","±386","78.4%","±13.2","521","±186","91.1%","±7.3","658","±239","78.1%","±12.2","187","±87","95.4%","±6.4","88","±80","37.0%","±32.0","205","±116","78.8%","±17.5"
"                    With private health insurance","32,461","±1,780","26.9%","±1.3","274","±125","16.6%","±8.3","151","±128","22.2%","±16.4","555","±205","20.7%","±8.9","97","±87","22.6%","±18.4","154","±83","15.0%","±7.5","359","±163","36.4%","±13.0","9","±13","3.2%","±5.0","764","±243","25.0%","±7.9","1,874","±469","23.7%","±5.4","1,244","±321","25.6%","±7.0","121","±84","34.7%","±23.7","14","±18","30.4%","±38.0","127","±96","46.2%","±29.3","4","±8","2.1%","±4.4","98","±77","13.2%","±10.0","153","±101","26.3%","±15.7","4,348","±634","28.5%","±4.2","51","±67","15.9%","±21.0","223","±125","54.1%","±21.3","225","±156","21.7%","±13.8","139","±101","30.4%","±18.9","50","±44","17.0%","±13.9","578","±261","28.3%","±11.0","141","±118","20.1%","±15.5","39","±50","12.8%","±17.2","2,992","±529","25.7%","±4.2","200","±106","38.3%","±16.1","1,693","±434","28.8%","±6.6","630","±231","38.4%","±10.3","115","±86","38.9%","±21.0","190","±147","30.5%","±21.4","633","±250","24.2%","±9.6","0","±20","0.0%","±29.9","89","±60","10.0%","±6.6","116","±64","13.9%","±7.0","3,851","±554","30.4%","±3.9","1,018","±296","24.1%","±6.4","89","±68","20.9%","±16.5","139","±86","21.9%","±12.2","675","±228","23.8%","±6.7","0","±20","0.0%","±41.7","94","±84","14.8%","±12.9","97","±65","20.6%","±12.3","318","±168","22.2%","±10.9","752","±297","45.9%","±14.4","117","±111","17.3%","±15.4","109","±70","33.7%","±18.3","604","±396","32.0%","±17.0","484","±187","24.8%","±8.7","98","±49","13.0%","±7.3","340","±234","32.1%","±15.9","2,272","±464","39.9%","±6.2","742","±262","20.7%","±7.0","16","±22","14.3%","±20.3","466","±183","23.0%","±7.5","57","±54","16.5%","±16.1","325","±119","27.6%","±10.9","230","±64","28.1%","±7.4","559","±219","33.6%","±10.2","73","±39","12.8%","±7.7","343","±163","40.7%","±13.3","88","±53","44.9%","±23.9","50","±65","21.0%","±27.6","5","±8","1.9%","±3.0"
"                    With public coverage","64,321","±2,681","53.2%","±1.5","1,098","±352","66.5%","±10.6","318","±169","46.7%","±17.8","1,834","±663","68.3%","±12.3","101","±64","23.5%","±13.0","726","±206","70.6%","±10.1","687","±254","69.7%","±10.0","240","±95","86.0%","±13.2","2,003","±544","65.4%","±9.7","4,727","±685","59.8%","±6.7","2,704","±680","55.6%","±9.0","244","±128","69.9%","±22.0","8","±12","17.4%","±25.5","70","±55","25.5%","±21.4","184","±111","94.8%","±7.2","260","±135","34.9%","±14.8","338","±129","58.1%","±17.7","7,602","±976","49.8%","±4.1","236","±175","73.8%","±24.9","87","±72","21.1%","±16.0","368","±145","35.6%","±12.7","289","±113","63.2%","±19.3","101","±63","34.4%","±15.9","1,095","±310","53.6%","±12.6","354","±187","50.5%","±21.8","83","±51","27.2%","±14.5","5,824","±749","50.0%","±5.3","287","±111","55.0%","±16.9","2,505","±552","42.7%","±6.9","643","±243","39.2%","±12.0","188","±110","63.5%","±19.7","353","±300","56.7%","±23.5","1,183","±443","45.2%","±11.2","109","±72","89.3%","±14.3","719","±272","81.1%","±10.8","443","±107","52.9%","±11.7","6,592","±803","52.0%","±5.0","2,577","±499","61.1%","±7.7","221","±138","51.9%","±23.0","330","±147","52.1%","±18.9","1,613","±320","56.9%","±9.3","70","±44","100.0%","±41.7","411","±157","64.5%","±18.4","282","±119","59.7%","±14.4","985","±272","68.7%","±11.6","508","±195","31.0%","±10.1","489","±227","72.2%","±22.5","201","±125","62.2%","±20.1","786","±318","41.6%","±14.7","1,276","±353","65.4%","±8.9","546","±197","72.3%","±12.6","454","±182","42.9%","±15.3","2,408","±594","42.3%","±7.3","2,253","±604","62.9%","±10.4","29","±27","25.9%","±24.0","1,183","±298","58.3%","±10.3","255","±111","73.9%","±16.4","528","±206","44.8%","±13.4","405","±96","49.5%","±9.5","764","±248","45.9%","±9.9","466","±186","81.5%","±10.0","336","±154","39.9%","±15.7","103","±74","52.6%","±24.2","38","±49","16.0%","±20.9","201","±115","77.3%","±17.6"
"                No health insurance coverage","27,603","±1,681","22.8%","±1.2","302","±141","18.3%","±8.0","215","±107","31.6%","±11.8","297","±161","11.1%","±6.5","231","±118","53.8%","±19.4","156","±97","15.2%","±9.9","128","±64","13.0%","±6.7","37","±39","13.3%","±13.1","467","±241","15.3%","±7.6","1,621","±486","20.5%","±5.4","1,056","±337","21.7%","±6.5","23","±29","6.6%","±8.7","24","±30","52.2%","±39.8","78","±87","28.4%","±29.5","10","±14","5.2%","±7.2","387","±173","51.9%","±16.3","116","±69","19.9%","±10.2","3,885","±822","25.4%","±4.3","33","±37","10.3%","±13.9","102","±93","24.8%","±16.9","453","±216","43.8%","±14.4","31","±29","6.8%","±6.3","143","±93","48.6%","±23.6","439","±208","21.5%","±9.4","211","±162","30.1%","±19.5","185","±139","60.7%","±20.8","3,230","±701","27.8%","±4.8","102","±73","19.5%","±11.8","1,760","±466","30.0%","±6.5","415","±212","25.3%","±11.3","11","±14","3.7%","±4.8","80","±65","12.8%","±11.7","837","±334","32.0%","±10.7","13","±16","10.7%","±14.3","123","±94","13.9%","±9.4","291","±145","34.8%","±12.1","2,534","±592","20.0%","±4.1","744","±284","17.6%","±6.4","139","±116","32.6%","±21.2","165","±139","26.0%","±18.9","644","±258","22.7%","±7.5","0","±20","0.0%","±41.7","138","±123","21.7%","±16.8","95","±47","20.1%","±10.5","171","±159","11.9%","±9.7","401","±235","24.5%","±12.7","146","±166","21.6%","±21.3","13","±26","4.0%","±8.7","500","±248","26.5%","±12.1","280","±127","14.3%","±6.5","119","±88","15.8%","±11.2","270","±175","25.5%","±14.7","1,130","±349","19.8%","±5.7","609","±233","17.0%","±7.0","67","±48","59.8%","±27.3","479","±214","23.6%","±9.5","52","±55","15.1%","±14.6","372","±185","31.6%","±13.5","233","±104","28.4%","±10.1","360","±244","21.6%","±13.2","51","±42","8.9%","±7.3","185","±132","21.9%","±12.2","9","±13","4.6%","±6.4","150","±141","63.0%","±32.0","55","±51","21.2%","±17.5"
"        Not in labor force:","672,797","±7,037","672,797","(X)","10,109","±839","10,109","(X)","2,941","±448","2,941","(X)","13,976","±1,126","13,976","(X)","3,167","±448","3,167","(X)","6,316","±496","6,316","(X)","5,446","±459","5,446","(X)","2,462","±269","2,462","(X)","17,255","±1,188","17,255","(X)","34,821","±1,680","34,821","(X)","29,738","±1,728","29,738","(X)","1,958","±254","1,958","(X)","748","±161","748","(X)","1,354","±208","1,354","(X)","2,596","±322","2,596","(X)","3,369","±372","3,369","(X)","4,742","±526","4,742","(X)","63,883","±2,807","63,883","(X)","636","±216","636","(X)","3,006","±433","3,006","(X)","5,370","±458","5,370","(X)","3,043","±348","3,043","(X)","3,028","±386","3,028","(X)","10,635","±791","10,635","(X)","4,534","±531","4,534","(X)","2,802","±359","2,802","(X)","52,025","±1,698","52,025","(X)","5,334","±594","5,334","(X)","32,660","±1,585","32,660","(X)","16,254","±966","16,254","(X)","2,016","±260","2,016","(X)","11,492","±795","11,492","(X)","20,365","±1,277","20,365","(X)","1,521","±228","1,521","(X)","3,834","±410","3,834","(X)","6,870","±418","6,870","(X)","58,638","±1,944","58,638","(X)","22,828","±1,130","22,828","(X)","2,714","±414","2,714","(X)","3,047","±341","3,047","(X)","18,468","±970","18,468","(X)","1,479","±235","1,479","(X)","3,426","±382","3,426","(X)","4,134","±373","4,134","(X)","7,111","±769","7,111","(X)","6,293","±706","6,293","(X)","1,910","±358","1,910","(X)","2,724","±361","2,724","(X)","6,235","±607","6,235","(X)","14,853","±1,067","14,853","(X)","7,901","±535","7,901","(X)","8,281","±686","8,281","(X)","31,740","±1,751","31,740","(X)","21,416","±1,518","21,416","(X)","743","±121","743","(X)","15,965","±1,187","15,965","(X)","3,690","±400","3,690","(X)","9,213","±779","9,213","(X)","7,238","±421","7,238","(X)","7,746","±605","7,746","(X)","6,631","±658","6,631","(X)","2,985","±449","2,985","(X)","1,587","±228","1,587","(X)","1,278","±366","1,278","(X)","2,217","±407","2,217","(X)"
"            With health insurance coverage","597,271","±6,854","88.8%","±0.4","9,474","±826","93.7%","±1.7","2,698","±397","91.7%","±5.5","12,496","±1,038","89.4%","±2.3","2,730","±373","86.2%","±6.2","5,577","±482","88.3%","±3.4","4,861","±442","89.3%","±2.5","2,037","±250","82.7%","±4.9","14,681","±1,133","85.1%","±3.0","30,917","±1,468","88.8%","±2.0","26,579","±1,676","89.4%","±2.0","1,824","±225","93.2%","±5.6","713","±161","95.3%","±5.4","1,261","±206","93.1%","±4.5","2,504","±322","96.5%","±2.4","2,818","±375","83.6%","±6.3","4,449","±525","93.8%","±2.5","55,816","±2,487","87.4%","±1.4","543","±198","85.4%","±10.0","2,597","±421","86.4%","±6.2","4,800","±446","89.4%","±3.2","2,581","±347","84.8%","±5.3","2,771","±394","91.5%","±4.9","9,589","±725","90.2%","±3.0","3,991","±551","88.0%","±5.5","2,645","±364","94.4%","±2.8","43,477","±1,704","83.6%","±1.9","4,756","±561","89.2%","±3.8","28,138","±1,599","86.2%","±2.2","14,675","±930","90.3%","±2.1","1,802","±248","89.4%","±6.0","10,880","±819","94.7%","±2.2","17,965","±1,163","88.2%","±2.3","1,221","±217","80.3%","±6.9","3,500","±397","91.3%","±3.3","6,035","±418","87.8%","±2.8","51,723","±1,960","88.2%","±1.7","21,215","±1,166","92.9%","±1.5","2,367","±349","87.2%","±5.4","2,703","±358","88.7%","±6.2","16,174","±915","87.6%","±2.0","1,297","±208","87.7%","±6.5","3,134","±370","91.5%","±4.2","3,624","±325","87.7%","±3.5","6,323","±723","88.9%","±2.7","5,551","±668","88.2%","±4.4","1,838","±364","96.2%","±5.1","2,378","±335","87.3%","±5.3","5,437","±567","87.2%","±5.3","13,185","±971","88.8%","±3.2","7,259","±532","91.9%","±2.3","7,345","±664","88.7%","±3.2","29,323","±1,718","92.4%","±1.2","19,035","±1,452","88.9%","±2.5","656","±105","88.3%","±8.1","14,032","±1,188","87.9%","±3.1","3,370","±415","91.3%","±4.6","8,408","±771","91.3%","±2.9","6,837","±406","94.5%","±1.3","7,244","±599","93.5%","±2.2","6,132","±662","92.5%","±2.4","2,754","±429","92.3%","±5.8","1,459","±219","91.9%","±4.6","1,128","±330","88.3%","±9.6","1,939","±388","87.5%","±8.4"
"                With private health insurance","268,444","±4,464","39.9%","±0.6","3,801","±589","37.6%","±5.0","1,087","±326","37.0%","±10.4","7,515","±1,002","53.8%","±5.1","1,165","±228","36.8%","±7.3","1,404","±287","22.2%","±4.3","2,672","±376","49.1%","±5.8","820","±142","33.3%","±5.4","7,954","±830","46.1%","±3.8","11,348","±1,023","32.6%","±2.7","13,457","±1,388","45.3%","±3.9","332","±103","17.0%","±5.7","388","±115","51.9%","±15.0","460","±159","34.0%","±11.2","635","±230","24.5%","±8.3","445","±169","13.2%","±5.1","1,539","±244","32.5%","±5.0","30,685","±1,801","48.0%","±2.0","200","±92","31.4%","±12.7","1,061","±279","35.3%","±8.7","1,413","±247","26.3%","±4.6","813","±185","26.7%","±6.7","737","±187","24.3%","±5.8","2,943","±382","27.7%","±3.9","1,736","±345","38.3%","±6.4","1,018","±222","36.3%","±7.4","20,309","±1,217","39.0%","±2.2","2,293","±417","43.0%","±5.7","14,384","±1,136","44.0%","±2.9","7,152","±641","44.0%","±3.7","797","±171","39.5%","±7.9","5,550","±770","48.3%","±6.1","9,379","±1,007","46.1%","±4.2","307","±100","20.2%","±6.0","1,296","±309","33.8%","±6.7","2,287","±309","33.3%","±4.6","22,384","±1,129","38.2%","±1.7","8,838","±857","38.7%","±3.3","1,563","±277","57.6%","±8.6","1,197","±262","39.3%","±9.2","6,900","±660","37.4%","±3.4","415","±154","28.1%","±8.8","921","±220","26.9%","±6.3","1,284","±191","31.1%","±5.1","2,106","±431","29.6%","±5.2","3,167","±515","50.3%","±6.7","360","±156","18.8%","±7.6","1,171","±221","43.0%","±7.8","2,225","±350","35.7%","±6.2","4,070","±488","27.4%","±3.3","2,459","±415","31.1%","±5.1","2,346","±382","28.3%","±4.6","16,757","±1,165","52.8%","±2.8","8,234","±996","38.4%","±3.9","213","±71","28.7%","±8.6","7,412","±911","46.4%","±4.3","1,209","±297","32.8%","±6.9","3,348","±455","36.3%","±5.1","3,784","±295","52.3%","±3.8","2,123","±388","27.4%","±4.7","1,734","±276","26.1%","±4.4","1,386","±349","46.4%","±8.9","480","±151","30.2%","±8.5","514","±147","40.2%","±9.6","462","±126","20.8%","±5.7"
"                With public coverage","379,059","±6,040","56.3%","±0.6","6,230","±751","61.6%","±5.2","1,793","±345","61.0%","±8.4","5,696","±760","40.8%","±4.8","1,798","±369","56.8%","±8.2","4,451","±476","70.5%","±4.9","2,859","±417","52.5%","±5.9","1,370","±222","55.6%","±6.1","8,547","±887","49.5%","±4.0","22,052","±1,395","63.3%","±2.8","15,689","±1,543","52.8%","±3.9","1,629","±244","83.2%","±6.7","416","±170","55.6%","±16.4","913","±213","67.4%","±10.6","2,095","±310","80.7%","±6.1","2,483","±380","73.7%","±7.3","3,185","±500","67.2%","±5.8","29,544","±2,072","46.2%","±2.7","458","±189","72.0%","±12.7","1,784","±404","59.3%","±8.3","3,806","±484","70.9%","±5.5","1,925","±346","63.3%","±6.8","2,156","±369","71.2%","±6.6","7,161","±752","67.3%","±4.4","2,501","±426","55.2%","±5.8","1,896","±336","67.7%","±7.1","27,849","±1,651","53.5%","±2.2","2,790","±367","52.3%","±5.3","15,770","±1,298","48.3%","±2.7","8,922","±902","54.9%","±3.8","1,150","±249","57.0%","±9.2","5,588","±793","48.6%","±5.8","10,338","±1,086","50.8%","±4.5","1,041","±197","68.4%","±7.7","2,589","±348","67.5%","±5.6","4,087","±426","59.5%","±4.1","33,132","±1,626","56.5%","±1.9","14,159","±1,162","62.0%","±3.6","952","±265","35.1%","±7.6","1,689","±360","55.4%","±8.5","11,629","±990","63.0%","±3.2","1,032","±179","69.8%","±7.7","2,545","±406","74.3%","±7.3","2,532","±337","61.2%","±4.8","4,623","±641","65.0%","±5.2","2,934","±494","46.6%","±6.2","1,530","±339","80.1%","±9.7","1,417","±310","52.0%","±7.8","3,959","±597","63.5%","±6.9","9,943","±1,006","66.9%","±4.6","5,149","±526","65.2%","±5.0","5,461","±645","65.9%","±4.3","14,660","±1,275","46.2%","±2.7","12,744","±1,376","59.5%","±4.4","578","±109","77.8%","±9.1","8,004","±897","50.1%","±4.0","2,471","±352","67.0%","±6.2","5,811","±776","63.1%","±5.1","3,954","±386","54.6%","±3.5","5,544","±560","71.6%","±3.9","4,926","±656","74.3%","±4.9","1,696","±350","56.8%","±8.5","1,076","±192","67.8%","±7.5","740","±290","57.9%","±12.1","1,608","±358","72.5%","±8.1"
"            No health insurance coverage","75,526","±3,040","11.2%","±0.4","635","±168","6.3%","±1.7","243","±175","8.3%","±5.5","1,480","±353","10.6%","±2.3","437","±220","13.8%","±6.2","739","±228","11.7%","±3.4","585","±141","10.7%","±2.5","425","±129","17.3%","±4.9","2,574","±542","14.9%","±3.0","3,904","±751","11.2%","±2.0","3,159","±631","10.6%","±2.0","134","±118","6.8%","±5.6","35","±41","4.7%","±5.4","93","±61","6.9%","±4.5","92","±61","3.5%","±2.4","551","±220","16.4%","±6.3","293","±119","6.2%","±2.5","8,067","±1,008","12.6%","±1.4","93","±70","14.6%","±10.0","409","±194","13.6%","±6.2","570","±175","10.6%","±3.2","462","±166","15.2%","±5.3","257","±149","8.5%","±4.9","1,046","±337","9.8%","±3.0","543","±250","12.0%","±5.5","157","±79","5.6%","±2.8","8,548","±1,017","16.4%","±1.9","578","±217","10.8%","±3.8","4,522","±744","13.8%","±2.2","1,579","±364","9.7%","±2.1","214","±127","10.6%","±6.0","612","±246","5.3%","±2.2","2,400","±506","11.8%","±2.3","300","±112","19.7%","±6.9","334","±132","8.7%","±3.3","835","±194","12.2%","±2.8","6,915","±1,045","11.8%","±1.7","1,613","±330","7.1%","±1.5","347","±168","12.8%","±5.4","344","±192","11.3%","±6.2","2,294","±392","12.4%","±2.0","182","±104","12.3%","±6.5","292","±148","8.5%","±4.2","510","±161","12.3%","±3.5","788","±204","11.1%","±2.7","742","±292","11.8%","±4.4","72","±97","3.8%","±5.1","346","±154","12.7%","±5.3","798","±349","12.8%","±5.3","1,668","±513","11.2%","±3.2","642","±189","8.1%","±2.3","936","±278","11.3%","±3.2","2,417","±400","7.6%","±1.2","2,381","±563","11.1%","±2.5","87","±65","11.7%","±8.1","1,933","±502","12.1%","±3.1","320","±170","8.7%","±4.6","805","±266","8.7%","±2.9","401","±98","5.5%","±1.3","502","±173","6.5%","±2.2","499","±154","7.5%","±2.4","231","±185","7.7%","±5.8","128","±76","8.1%","±4.6","150","±137","11.7%","±9.6","278","±194","12.5%","±8.4"
"PERCENTAGE OF FAMILIES AND PEOPLE WHOSE INCOME IN THE PAST 12 MONTHS IS BELOW THE POVERTY LEVEL","","","","","","","","","","","","","","","","","","","","","","","","","","","","","","","","","","","","","","","","","","","","","","","","","","","","","","","","","","","","","","","","","","","","","","","","","","","","","","","","","","","","","","","","","","","","","","","","","","","","","","","","","","","","","","","","","","","","","","","","","","","","","","","","","","","","","","","","","","","","","","","","","","","","","","","","","","","","","","","","","","","","","","","","","","","","","","","","","","","","","","","","","","","","","","","","","","","","","","","","","","","","","","","","","","","","","","","","","","","","","","","","","","","","","","","","","","","","","","","","","","","","","","","","","","","","","","","","","","","",""
"    All families","(X)","(X)","14.1%","±0.3","(X)","(X)","19.5%","±2.3","(X)","(X)","21.1%","±3.9","(X)","(X)","8.0%","±1.6","(X)","(X)","8.7%","±2.5","(X)","(X)","22.8%","±3.5","(X)","(X)","12.3%","±2.8","(X)","(X)","22.4%","±4.0","(X)","(X)","10.3%","±1.4","(X)","(X)","17.6%","±1.6","(X)","(X)","12.6%","±1.4","(X)","(X)","22.2%","±6.3","(X)","(X)","5.1%","±4.1","(X)","(X)","20.2%","±4.4","(X)","(X)","21.7%","±6.1","(X)","(X)","24.8%","±5.3","(X)","(X)","14.7%","±3.4","(X)","(X)","13.7%","±1.2","(X)","(X)","28.1%","±7.8","(X)","(X)","9.6%","±3.1","(X)","(X)","18.9%","±3.6","(X)","(X)","16.4%","±3.7","(X)","(X)","12.5%","±3.2","(X)","(X)","16.1%","±2.2","(X)","(X)","16.3%","±4.3","(X)","(X)","18.7%","±3.5","(X)","(X)","12.9%","±1.1","(X)","(X)","12.7%","±3.1","(X)","(X)","12.6%","±1.6","(X)","(X)","12.2%","±1.5","(X)","(X)","10.4%","±3.8","(X)","(X)","20.7%","±4.0","(X)","(X)","10.2%","±1.4","(X)","(X)","22.1%","±5.7","(X)","(X)","22.2%","±4.1","(X)","(X)","17.5%","±2.2","(X)","(X)","16.6%","±1.1","(X)","(X)","18.4%","±1.7","(X)","(X)","8.5%","±3.3","(X)","(X)","11.9%","±3.4","(X)","(X)","15.2%","±1.6","(X)","(X)","14.7%","±5.0","(X)","(X)","19.0%","±3.2","(X)","(X)","17.5%","±2.8","(X)","(X)","18.3%","±2.7","(X)","(X)","8.3%","±2.4","(X)","(X)","24.2%","±8.2","(X)","(X)","8.2%","±2.6","(X)","(X)","8.7%","±2.5","(X)","(X)","22.1%","±2.5","(X)","(X)","10.3%","±2.0","(X)","(X)","18.4%","±2.8","(X)","(X)","8.8%","±1.1","(X)","(X)","14.0%","±2.0","(X)","(X)","25.7%","±7.3","(X)","(X)","12.1%","±1.9","(X)","(X)","22.7%","±5.0","(X)","(X)","16.6%","±2.5","(X)","(X)","15.8%","±2.3","(X)","(X)","19.1%","±3.2","(X)","(X)","18.4%","±2.6","(X)","(X)","8.1%","±2.9","(X)","(X)","9.7%","±3.4","(X)","(X)","9.0%","±3.5","(X)","(X)","16.0%","±4.4"
"        With related children of the householder under 18 years","(X)","(X)","21.5%","±0.6","(X)","(X)","27.4%","±4.0","(X)","(X)","29.6%","±6.1","(X)","(X)","11.9%","±2.6","(X)","(X)","11.0%","±4.2","(X)","(X)","34.8%","±5.2","(X)","(X)","16.7%","±4.3","(X)","(X)","46.1%","±8.2","(X)","(X)","17.1%","±2.6","(X)","(X)","26.1%","±2.7","(X)","(X)","19.6%","±2.7","(X)","(X)","36.3%","±10.3","(X)","(X)","1.1%","±1.6","(X)","(X)","30.2%","±7.0","(X)","(X)","38.8%","±11.0","(X)","(X)","35.3%","±8.3","(X)","(X)","22.5%","±6.1","(X)","(X)","21.0%","±2.1","(X)","(X)","38.8%","±11.8","(X)","(X)","9.3%","±4.6","(X)","(X)","30.2%","±5.6","(X)","(X)","26.2%","±7.1","(X)","(X)","15.3%","±5.2","(X)","(X)","26.7%","±4.1","(X)","(X)","30.3%","±8.8","(X)","(X)","27.5%","±6.4","(X)","(X)","20.5%","±2.1","(X)","(X)","17.3%","±4.3","(X)","(X)","18.6%","±2.5","(X)","(X)","17.3%","±3.1","(X)","(X)","21.4%","±7.7","(X)","(X)","33.6%","±7.3","(X)","(X)","15.0%","±2.7","(X)","(X)","39.3%","±10.5","(X)","(X)","38.3%","±7.7","(X)","(X)","29.0%","±4.2","(X)","(X)","26.0%","±2.2","(X)","(X)","27.8%","±2.9","(X)","(X)","13.7%","±5.8","(X)","(X)","18.9%","±8.5","(X)","(X)","24.8%","±2.8","(X)","(X)","23.6%","±9.0","(X)","(X)","28.9%","±5.8","(X)","(X)","24.9%","±4.6","(X)","(X)","26.5%","±4.4","(X)","(X)","11.1%","±3.9","(X)","(X)","36.5%","±15.1","(X)","(X)","14.0%","±5.6","(X)","(X)","12.2%","±4.5","(X)","(X)","30.5%","±4.3","(X)","(X)","14.9%","±3.5","(X)","(X)","26.4%","±5.1","(X)","(X)","12.9%","±2.0","(X)","(X)","21.8%","±3.5","(X)","(X)","51.2%","±14.8","(X)","(X)","16.9%","±3.4","(X)","(X)","39.0%","±9.3","(X)","(X)","23.7%","±4.1","(X)","(X)","23.2%","±3.3","(X)","(X)","30.4%","±5.6","(X)","(X)","27.5%","±5.3","(X)","(X)","13.1%","±6.0","(X)","(X)","17.2%","±7.2","(X)","(X)","15.1%","±6.2","(X)","(X)","30.0%","±9.4"
"            With related children of the householder under 5 years only","(X)","(X)","21.2%","±1.4","(X)","(X)","24.9%","±12.8","(X)","(X)","29.4%","±17.5","(X)","(X)","23.7%","±10.5","(X)","(X)","17.4%","±14.8","(X)","(X)","29.4%","±12.7","(X)","(X)","20.2%","±9.6","(X)","(X)","57.1%","±21.8","(X)","(X)","17.2%","±7.5","(X)","(X)","34.6%","±6.3","(X)","(X)","17.7%","±5.5","(X)","(X)","57.8%","±35.3","(X)","(X)","0.0%","±67.2","(X)","(X)","44.9%","±31.6","(X)","(X)","29.8%","±22.1","(X)","(X)","38.2%","±22.7","(X)","(X)","8.7%","±10.1","(X)","(X)","22.6%","±5.5","(X)","(X)","0.0%","±61.7","(X)","(X)","44.6%","±30.6","(X)","(X)","7.0%","±6.1","(X)","(X)","24.7%","±15.6","(X)","(X)","18.5%","±11.8","(X)","(X)","35.9%","±12.6","(X)","(X)","31.4%","±18.6","(X)","(X)","23.8%","±15.9","(X)","(X)","19.6%","±4.1","(X)","(X)","30.2%","±21.1","(X)","(X)","17.1%","±5.2","(X)","(X)","16.3%","±10.0","(X)","(X)","8.9%","±10.6","(X)","(X)","57.3%","±18.9","(X)","(X)","20.3%","±8.8","(X)","(X)","12.9%","±14.3","(X)","(X)","20.9%","±13.1","(X)","(X)","38.5%","±9.3","(X)","(X)","16.4%","±4.4","(X)","(X)","22.2%","±6.4","(X)","(X)","2.1%","±4.4","(X)","(X)","6.7%","±7.2","(X)","(X)","22.7%","±6.9","(X)","(X)","27.2%","±23.7","(X)","(X)","25.5%","±15.8","(X)","(X)","15.7%","±7.7","(X)","(X)","15.9%","±8.1","(X)","(X)","3.5%","±4.8","(X)","(X)","41.2%","±34.5","(X)","(X)","0.0%","±12.9","(X)","(X)","9.5%","±9.8","(X)","(X)","24.8%","±12.4","(X)","(X)","19.7%","±10.4","(X)","(X)","24.9%","±11.6","(X)","(X)","9.7%","±3.9","(X)","(X)","31.6%","±8.2","(X)","(X)","0.0%","±90.1","(X)","(X)","16.2%","±7.1","(X)","(X)","27.6%","±19.5","(X)","(X)","27.7%","±12.6","(X)","(X)","18.7%","±7.0","(X)","(X)","30.6%","±15.6","(X)","(X)","45.3%","±14.8","(X)","(X)","0.0%","±7.7","(X)","(X)","22.1%","±25.4","(X)","(X)","8.7%","±9.9","(X)","(X)","18.1%","±27.2"
"        Married couple families","(X)","(X)","5.9%","±0.2","(X)","(X)","10.9%","±2.6","(X)","(X)","8.9%","±3.8","(X)","(X)","3.1%","±1.0","(X)","(X)","5.4%","±2.7","(X)","(X)","9.1%","±3.4","(X)","(X)","8.3%","±2.6","(X)","(X)","7.7%","±3.9","(X)","(X)","5.3%","±1.2","(X)","(X)","5.6%","±1.1","(X)","(X)","5.9%","±1.1","(X)","(X)","11.5%","±6.0","(X)","(X)","5.6%","±4.8","(X)","(X)","9.5%","±4.3","(X)","(X)","13.9%","±6.7","(X)","(X)","10.0%","±5.8","(X)","(X)","4.1%","±1.8","(X)","(X)","4.7%","±1.0","(X)","(X)","6.1%","±5.0","(X)","(X)","7.0%","±3.4","(X)","(X)","7.2%","±2.8","(X)","(X)","8.0%","±3.9","(X)","(X)","7.0%","±2.5","(X)","(X)","8.1%","±2.3","(X)","(X)","5.8%","±3.0","(X)","(X)","10.9%","±3.5","(X)","(X)","5.5%","±1.0","(X)","(X)","5.7%","±2.7","(X)","(X)","4.6%","±0.9","(X)","(X)","6.3%","±1.2","(X)","(X)","2.5%","±1.3","(X)","(X)","9.9%","±3.5","(X)","(X)","5.6%","±1.3","(X)","(X)","9.0%","±4.5","(X)","(X)","12.6%","±4.3","(X)","(X)","6.5%","±1.4","(X)","(X)","5.8%","±0.9","(X)","(X)","6.3%","±1.6","(X)","(X)","4.3%","±2.3","(X)","(X)","6.9%","±3.3","(X)","(X)","5.9%","±1.2","(X)","(X)","8.3%","±3.8","(X)","(X)","7.1%","±3.3","(X)","(X)","8.8%","±2.0","(X)","(X)","9.7%","±3.2","(X)","(X)","1.4%","±1.1","(X)","(X)","5.2%","±3.9","(X)","(X)","3.7%","±2.4","(X)","(X)","5.1%","±2.6","(X)","(X)","8.4%","±2.2","(X)","(X)","4.6%","±1.5","(X)","(X)","8.2%","±2.2","(X)","(X)","4.4%","±0.8","(X)","(X)","4.3%","±1.2","(X)","(X)","12.2%","±7.3","(X)","(X)","5.1%","±1.3","(X)","(X)","13.8%","±4.6","(X)","(X)","6.2%","±2.1","(X)","(X)","8.6%","±2.1","(X)","(X)","10.9%","±3.2","(X)","(X)","9.6%","±2.8","(X)","(X)","5.4%","±2.8","(X)","(X)","5.1%","±3.3","(X)","(X)","2.7%","±2.1","(X)","(X)","7.4%","±3.4"
"            With related children of the householder under 18 years","(X)","(X)","7.3%","±0.4","(X)","(X)","13.7%","±5.2","(X)","(X)","9.8%","±6.0","(X)","(X)","4.1%","±1.8","(X)","(X)","3.5%","±3.5","(X)","(X)","11.5%","±7.2","(X)","(X)","9.1%","±4.2","(X)","(X)","15.6%","±8.4","(X)","(X)","8.0%","±2.4","(X)","(X)","5.3%","±1.9","(X)","(X)","7.9%","±2.1","(X)","(X)","21.9%","±12.3","(X)","(X)","0.0%","±8.8","(X)","(X)","13.9%","±8.0","(X)","(X)","29.4%","±17.5","(X)","(X)","13.3%","±12.8","(X)","(X)","5.3%","±3.8","(X)","(X)","5.4%","±1.6","(X)","(X)","3.0%","±5.8","(X)","(X)","2.6%","±2.5","(X)","(X)","9.1%","±5.1","(X)","(X)","14.6%","±7.9","(X)","(X)","7.6%","±4.8","(X)","(X)","11.4%","±4.4","(X)","(X)","2.6%","±3.9","(X)","(X)","12.1%","±5.4","(X)","(X)","8.0%","±1.8","(X)","(X)","5.1%","±3.5","(X)","(X)","5.1%","±1.6","(X)","(X)","7.3%","±2.4","(X)","(X)","4.4%","±2.8","(X)","(X)","13.5%","±7.0","(X)","(X)","7.8%","±2.5","(X)","(X)","15.2%","±13.0","(X)","(X)","21.9%","±11.4","(X)","(X)","9.7%","±3.2","(X)","(X)","8.0%","±1.7","(X)","(X)","7.4%","±2.1","(X)","(X)","5.4%","±3.8","(X)","(X)","6.3%","±4.1","(X)","(X)","7.9%","±2.1","(X)","(X)","13.3%","±6.2","(X)","(X)","11.8%","±7.5","(X)","(X)","9.8%","±3.5","(X)","(X)","14.6%","±6.4","(X)","(X)","1.2%","±1.4","(X)","(X)","4.0%","±5.0","(X)","(X)","4.4%","±4.9","(X)","(X)","8.7%","±6.2","(X)","(X)","5.8%","±2.4","(X)","(X)","5.3%","±2.6","(X)","(X)","8.3%","±3.6","(X)","(X)","4.8%","±1.4","(X)","(X)","4.3%","±1.8","(X)","(X)","15.3%","±16.4","(X)","(X)","4.2%","±1.9","(X)","(X)","21.6%","±10.9","(X)","(X)","7.2%","±3.7","(X)","(X)","12.9%","±4.0","(X)","(X)","15.0%","±6.0","(X)","(X)","13.5%","±5.4","(X)","(X)","8.1%","±5.8","(X)","(X)","11.5%","±8.4","(X)","(X)","3.7%","±3.7","(X)","(X)","14.1%","±8.2"
"                With related children of the householder under 5 years only","(X)","(X)","6.3%","±0.9","(X)","(X)","18.3%","±20.5","(X)","(X)","10.9%","±17.5","(X)","(X)","8.8%","±7.3","(X)","(X)","6.9%","±11.9","(X)","(X)","4.6%","±6.4","(X)","(X)","9.8%","±6.3","(X)","(X)","26.0%","±34.4","(X)","(X)","7.1%","±7.3","(X)","(X)","7.4%","±6.3","(X)","(X)","4.0%","±3.2","(X)","(X)","70.9%","±35.6","(X)","(X)","0.0%","±84.6","(X)","(X)","16.4%","±27.0","(X)","(X)","2.9%","±5.7","(X)","(X)","0.0%","±42.3","(X)","(X)","0.0%","±18.0","(X)","(X)","6.1%","±5.4","(X)","(X)","0.0%","±61.7","(X)","(X)","11.8%","±19.0","(X)","(X)","2.6%","±3.2","(X)","(X)","9.5%","±14.1","(X)","(X)","8.6%","±11.3","(X)","(X)","6.8%","±10.7","(X)","(X)","0.0%","±19.7","(X)","(X)","25.0%","±18.3","(X)","(X)","8.4%","±3.4","(X)","(X)","0.0%","±19.2","(X)","(X)","1.8%","±2.2","(X)","(X)","6.3%","±4.9","(X)","(X)","3.7%","±4.5","(X)","(X)","37.1%","±25.6","(X)","(X)","10.3%","±8.0","(X)","(X)","16.3%","±28.3","(X)","(X)","0.0%","±15.1","(X)","(X)","2.2%","±2.2","(X)","(X)","2.4%","±1.5","(X)","(X)","5.1%","±3.7","(X)","(X)","0.0%","±8.9","(X)","(X)","0.0%","±24.9","(X)","(X)","7.1%","±5.8","(X)","(X)","34.7%","±31.8","(X)","(X)","0.0%","±16.3","(X)","(X)","1.4%","±3.1","(X)","(X)","4.8%","±4.8","(X)","(X)","1.0%","±2.1","(X)","(X)","0.0%","±36.2","(X)","(X)","0.0%","±16.2","(X)","(X)","8.8%","±12.7","(X)","(X)","5.3%","±6.9","(X)","(X)","7.9%","±7.4","(X)","(X)","3.5%","±4.5","(X)","(X)","3.0%","±2.2","(X)","(X)","8.4%","±6.1","(X)","(X)","0.0%","±100.0","(X)","(X)","0.5%","±0.7","(X)","(X)","11.2%","±17.1","(X)","(X)","1.8%","±2.9","(X)","(X)","12.9%","±7.9","(X)","(X)","12.4%","±10.6","(X)","(X)","17.1%","±13.9","(X)","(X)","0.0%","±9.7","(X)","(X)","20.0%","±33.2","(X)","(X)","0.0%","±11.9","(X)","(X)","0.0%","±49.9"
"        Families with female householder, no spouse present","(X)","(X)","34.8%","±0.9","(X)","(X)","50.5%","±6.8","(X)","(X)","53.1%","±9.9","(X)","(X)","27.6%","±6.9","(X)","(X)","21.8%","±8.3","(X)","(X)","49.6%","±6.8","(X)","(X)","26.5%","±7.8","(X)","(X)","53.0%","±9.9","(X)","(X)","26.9%","±4.9","(X)","(X)","34.8%","±3.3","(X)","(X)","35.4%","±5.0","(X)","(X)","56.4%","±13.7","(X)","(X)","5.2%","±6.3","(X)","(X)","47.2%","±12.5","(X)","(X)","45.1%","±12.2","(X)","(X)","51.0%","±11.5","(X)","(X)","37.8%","±9.4","(X)","(X)","32.3%","±3.0","(X)","(X)","50.9%","±14.0","(X)","(X)","19.8%","±10.4","(X)","(X)","50.2%","±9.2","(X)","(X)","37.2%","±10.4","(X)","(X)","30.2%","±10.0","(X)","(X)","39.5%","±5.5","(X)","(X)","35.8%","±11.2","(X)","(X)","40.1%","±9.2","(X)","(X)","30.5%","±2.9","(X)","(X)","37.9%","±9.9","(X)","(X)","38.0%","±5.3","(X)","(X)","32.3%","±6.5","(X)","(X)","40.9%","±14.8","(X)","(X)","45.9%","±9.9","(X)","(X)","28.3%","±5.5","(X)","(X)","44.8%","±11.0","(X)","(X)","40.7%","±10.1","(X)","(X)","39.8%","±6.2","(X)","(X)","33.7%","±3.1","(X)","(X)","45.0%","±4.3","(X)","(X)","30.2%","±15.2","(X)","(X)","26.6%","±10.3","(X)","(X)","37.6%","±4.5","(X)","(X)","32.9%","±16.0","(X)","(X)","49.2%","±8.2","(X)","(X)","45.5%","±8.3","(X)","(X)","34.0%","±6.4","(X)","(X)","26.7%","±8.2","(X)","(X)","54.7%","±15.3","(X)","(X)","20.1%","±9.8","(X)","(X)","13.0%","±5.1","(X)","(X)","50.5%","±5.3","(X)","(X)","26.1%","±6.3","(X)","(X)","39.5%","±6.6","(X)","(X)","23.8%","±3.9","(X)","(X)","35.8%","±6.2","(X)","(X)","56.0%","±15.4","(X)","(X)","30.6%","±6.3","(X)","(X)","55.3%","±10.4","(X)","(X)","41.7%","±7.8","(X)","(X)","44.3%","±5.9","(X)","(X)","41.0%","±7.9","(X)","(X)","40.2%","±7.4","(X)","(X)","22.3%","±12.2","(X)","(X)","24.5%","±10.2","(X)","(X)","35.0%","±14.1","(X)","(X)","32.2%","±12.8"
"            With related children of the householder under 18 years","(X)","(X)","45.1%","±1.3","(X)","(X)","59.8%","±8.8","(X)","(X)","69.6%","±11.7","(X)","(X)","33.7%","±8.3","(X)","(X)","26.3%","±11.8","(X)","(X)","58.4%","±7.8","(X)","(X)","39.1%","±11.6","(X)","(X)","77.2%","±12.5","(X)","(X)","37.0%","±6.4","(X)","(X)","42.2%","±4.3","(X)","(X)","47.4%","±6.8","(X)","(X)","79.5%","±12.8","(X)","(X)","4.8%","±8.2","(X)","(X)","58.5%","±16.9","(X)","(X)","57.4%","±13.0","(X)","(X)","58.9%","±13.9","(X)","(X)","50.5%","±12.3","(X)","(X)","42.3%","±4.4","(X)","(X)","58.1%","±16.6","(X)","(X)","26.3%","±14.6","(X)","(X)","65.1%","±11.1","(X)","(X)","47.2%","±17.3","(X)","(X)","32.7%","±12.9","(X)","(X)","56.7%","±7.7","(X)","(X)","60.8%","±15.0","(X)","(X)","54.6%","±12.8","(X)","(X)","40.1%","±4.0","(X)","(X)","47.9%","±12.4","(X)","(X)","49.1%","±5.6","(X)","(X)","39.3%","±8.8","(X)","(X)","53.9%","±16.5","(X)","(X)","59.5%","±13.6","(X)","(X)","35.1%","±8.0","(X)","(X)","56.7%","±12.5","(X)","(X)","49.5%","±12.5","(X)","(X)","51.0%","±7.8","(X)","(X)","42.9%","±4.1","(X)","(X)","59.0%","±5.5","(X)","(X)","41.0%","±20.3","(X)","(X)","36.7%","±15.8","(X)","(X)","49.5%","±5.8","(X)","(X)","42.1%","±23.8","(X)","(X)","53.3%","±10.9","(X)","(X)","60.6%","±9.2","(X)","(X)","43.1%","±8.8","(X)","(X)","40.5%","±14.8","(X)","(X)","67.8%","±20.7","(X)","(X)","32.8%","±16.7","(X)","(X)","15.1%","±7.7","(X)","(X)","58.3%","±6.7","(X)","(X)","33.0%","±8.8","(X)","(X)","53.0%","±8.4","(X)","(X)","30.3%","±5.7","(X)","(X)","45.2%","±8.2","(X)","(X)","87.2%","±14.2","(X)","(X)","43.2%","±8.8","(X)","(X)","67.9%","±11.8","(X)","(X)","57.0%","±10.2","(X)","(X)","54.5%","±7.0","(X)","(X)","56.9%","±10.5","(X)","(X)","45.4%","±10.5","(X)","(X)","34.6%","±22.4","(X)","(X)","30.9%","±17.3","(X)","(X)","51.7%","±22.3","(X)","(X)","45.1%","±17.8"
"                With related children of the householder under 5 years only","(X)","(X)","49.2%","±3.0","(X)","(X)","55.1%","±21.2","(X)","(X)","75.4%","±33.3","(X)","(X)","65.3%","±22.4","(X)","(X)","26.5%","±25.1","(X)","(X)","45.8%","±20.6","(X)","(X)","26.1%","±17.8","(X)","(X)","92.9%","±13.1","(X)","(X)","55.9%","±15.2","(X)","(X)","54.3%","±10.6","(X)","(X)","57.2%","±14.2","(X)","(X)","0.0%","±84.6","(X)","(X)","0.0%","±100.0","(X)","(X)","92.7%","±17.1","(X)","(X)","57.9%","±32.4","(X)","(X)","59.8%","±30.2","(X)","(X)","37.5%","±39.0","(X)","(X)","45.2%","±11.0","(X)","(X)","-","**","(X)","(X)","89.8%","±25.0","(X)","(X)","30.8%","±24.9","(X)","(X)","100.0%","±46.2","(X)","(X)","32.9%","±25.0","(X)","(X)","71.1%","±12.3","(X)","(X)","54.9%","±29.6","(X)","(X)","60.0%","±44.0","(X)","(X)","42.6%","±10.7","(X)","(X)","48.4%","±44.5","(X)","(X)","50.2%","±13.9","(X)","(X)","54.6%","±29.4","(X)","(X)","37.9%","±57.3","(X)","(X)","75.6%","±24.5","(X)","(X)","64.9%","±19.6","(X)","(X)","13.3%","±20.7","(X)","(X)","35.3%","±31.2","(X)","(X)","68.2%","±12.4","(X)","(X)","40.8%","±11.4","(X)","(X)","57.6%","±11.4","(X)","(X)","19.2%","±37.4","(X)","(X)","12.7%","±13.8","(X)","(X)","65.2%","±15.8","(X)","(X)","0.0%","±59.0","(X)","(X)","59.0%","±28.3","(X)","(X)","59.8%","±24.6","(X)","(X)","40.6%","±21.8","(X)","(X)","29.4%","±43.1","(X)","(X)","89.7%","±23.3","(X)","(X)","0.0%","±41.1","(X)","(X)","13.4%","±19.8","(X)","(X)","61.0%","±22.6","(X)","(X)","37.4%","±23.0","(X)","(X)","53.3%","±23.0","(X)","(X)","20.9%","±10.4","(X)","(X)","60.0%","±15.7","(X)","(X)","0.0%","±100.0","(X)","(X)","30.3%","±20.7","(X)","(X)","43.1%","±29.5","(X)","(X)","66.2%","±20.5","(X)","(X)","43.8%","±16.8","(X)","(X)","60.6%","±30.0","(X)","(X)","65.4%","±24.9","(X)","(X)","0.0%","±69.8","(X)","(X)","26.9%","±40.5","(X)","(X)","60.7%","±45.8","(X)","(X)","22.7%","±36.0"
"    All people","(X)","(X)","18.9%","±0.3","(X)","(X)","25.0%","±2.3","(X)","(X)","23.1%","±3.3","(X)","(X)","10.3%","±1.4","(X)","(X)","15.3%","±2.9","(X)","(X)","27.8%","±3.2","(X)","(X)","14.3%","±2.3","(X)","(X)","29.2%","±2.8","(X)","(X)","15.9%","±1.5","(X)","(X)","22.4%","±1.4","(X)","(X)","17.4%","±1.4","(X)","(X)","29.8%","±5.0","(X)","(X)","7.4%","±2.5","(X)","(X)","24.3%","±5.3","(X)","(X)","32.0%","±4.6","(X)","(X)","31.8%","±3.9","(X)","(X)","21.5%","±3.3","(X)","(X)","19.6%","±1.2","(X)","(X)","35.2%","±7.3","(X)","(X)","16.2%","±3.3","(X)","(X)","24.3%","±3.0","(X)","(X)","24.1%","±4.1","(X)","(X)","17.0%","±2.6","(X)","(X)","22.8%","±2.3","(X)","(X)","19.9%","±3.6","(X)","(X)","22.3%","±3.2","(X)","(X)","16.6%","±1.0","(X)","(X)","14.6%","±2.6","(X)","(X)","17.1%","±1.3","(X)","(X)","17.0%","±1.5","(X)","(X)","16.0%","±3.3","(X)","(X)","31.2%","±2.4","(X)","(X)","12.9%","±1.3","(X)","(X)","34.5%","±5.4","(X)","(X)","29.3%","±4.2","(X)","(X)","25.4%","±2.0","(X)","(X)","22.6%","±0.9","(X)","(X)","23.2%","±1.5","(X)","(X)","12.9%","±3.2","(X)","(X)","16.5%","±3.6","(X)","(X)","19.9%","±1.4","(X)","(X)","25.8%","±4.8","(X)","(X)","24.0%","±3.4","(X)","(X)","23.7%","±2.5","(X)","(X)","23.0%","±2.5","(X)","(X)","11.7%","±2.4","(X)","(X)","32.4%","±6.8","(X)","(X)","11.1%","±3.0","(X)","(X)","14.4%","±2.8","(X)","(X)","26.8%","±2.2","(X)","(X)","15.3%","±1.9","(X)","(X)","20.8%","±2.6","(X)","(X)","11.4%","±1.1","(X)","(X)","19.2%","±1.9","(X)","(X)","34.4%","±4.8","(X)","(X)","16.0%","±1.7","(X)","(X)","29.4%","±4.8","(X)","(X)","20.2%","±2.3","(X)","(X)","19.0%","±1.9","(X)","(X)","24.3%","±2.4","(X)","(X)","23.1%","±2.2","(X)","(X)","12.9%","±3.1","(X)","(X)","16.2%","±4.2","(X)","(X)","11.8%","±3.7","(X)","(X)","24.3%","±4.5"
"        Under 18 years","(X)","(X)","25.4%","±0.7","(X)","(X)","31.7%","±4.9","(X)","(X)","30.9%","±5.5","(X)","(X)","12.9%","±2.8","(X)","(X)","15.0%","±6.0","(X)","(X)","38.4%","±5.1","(X)","(X)","17.3%","±3.6","(X)","(X)","52.2%","±7.7","(X)","(X)","23.5%","±2.9","(X)","(X)","29.1%","±2.5","(X)","(X)","24.2%","±3.1","(X)","(X)","38.4%","±10.2","(X)","(X)","1.6%","±2.2","(X)","(X)","34.4%","±11.0","(X)","(X)","52.6%","±9.8","(X)","(X)","43.4%","±6.3","(X)","(X)","28.4%","±6.4","(X)","(X)","24.8%","±2.5","(X)","(X)","53.1%","±13.2","(X)","(X)","12.4%","±6.2","(X)","(X)","32.3%","±5.9","(X)","(X)","38.7%","±8.9","(X)","(X)","20.5%","±5.1","(X)","(X)","34.3%","±6.1","(X)","(X)","29.1%","±8.8","(X)","(X)","38.8%","±6.6","(X)","(X)","23.5%","±2.2","(X)","(X)","14.5%","±3.8","(X)","(X)","23.2%","±3.1","(X)","(X)","21.6%","±3.2","(X)","(X)","19.3%","±6.9","(X)","(X)","34.8%","±4.7","(X)","(X)","15.8%","±2.6","(X)","(X)","51.2%","±11.5","(X)","(X)","48.9%","±8.6","(X)","(X)","28.5%","±3.7","(X)","(X)","32.5%","±2.5","(X)","(X)","31.3%","±3.1","(X)","(X)","17.7%","±7.8","(X)","(X)","22.6%","±9.8","(X)","(X)","27.3%","±2.9","(X)","(X)","39.8%","±9.9","(X)","(X)","32.0%","±6.3","(X)","(X)","30.5%","±5.6","(X)","(X)","30.1%","±5.3","(X)","(X)","15.5%","±5.7","(X)","(X)","43.9%","±12.5","(X)","(X)","12.9%","±6.6","(X)","(X)","17.0%","±5.4","(X)","(X)","33.4%","±4.5","(X)","(X)","17.7%","±3.3","(X)","(X)","27.1%","±5.1","(X)","(X)","15.0%","±2.3","(X)","(X)","28.2%","±3.9","(X)","(X)","54.8%","±7.3","(X)","(X)","19.8%","±3.6","(X)","(X)","53.2%","±10.5","(X)","(X)","25.2%","±4.2","(X)","(X)","24.8%","±3.5","(X)","(X)","33.6%","±6.0","(X)","(X)","29.3%","±5.5","(X)","(X)","17.8%","±6.8","(X)","(X)","22.8%","±10.2","(X)","(X)","19.5%","±7.6","(X)","(X)","39.1%","±8.3"
"            Related children of the householder under 18 years","(X)","(X)","25.2%","±0.7","(X)","(X)","31.7%","±4.9","(X)","(X)","30.9%","±5.5","(X)","(X)","12.5%","±2.8","(X)","(X)","15.0%","±6.0","(X)","(X)","38.3%","±5.1","(X)","(X)","17.3%","±3.6","(X)","(X)","51.4%","±7.6","(X)","(X)","23.3%","±2.9","(X)","(X)","28.8%","±2.5","(X)","(X)","24.2%","±3.1","(X)","(X)","38.4%","±10.2","(X)","(X)","1.4%","±2.2","(X)","(X)","34.4%","±11.0","(X)","(X)","52.2%","±9.9","(X)","(X)","43.1%","±6.3","(X)","(X)","28.3%","±6.4","(X)","(X)","24.5%","±2.5","(X)","(X)","53.1%","±13.2","(X)","(X)","12.4%","±6.2","(X)","(X)","31.9%","±5.8","(X)","(X)","38.6%","±9.0","(X)","(X)","19.9%","±5.2","(X)","(X)","34.3%","±6.1","(X)","(X)","29.1%","±8.8","(X)","(X)","38.8%","±6.6","(X)","(X)","23.3%","±2.2","(X)","(X)","14.5%","±3.8","(X)","(X)","23.1%","±3.1","(X)","(X)","21.1%","±3.2","(X)","(X)","19.0%","±7.0","(X)","(X)","34.2%","±4.8","(X)","(X)","15.5%","±2.6","(X)","(X)","51.0%","±11.5","(X)","(X)","48.8%","±8.6","(X)","(X)","28.0%","±3.7","(X)","(X)","32.3%","±2.5","(X)","(X)","31.1%","±3.2","(X)","(X)","17.6%","±7.8","(X)","(X)","22.2%","±9.8","(X)","(X)","27.1%","±2.9","(X)","(X)","39.8%","±9.9","(X)","(X)","32.1%","±6.3","(X)","(X)","28.9%","±5.1","(X)","(X)","29.8%","±5.3","(X)","(X)","15.3%","±5.7","(X)","(X)","43.9%","±12.5","(X)","(X)","12.9%","±6.6","(X)","(X)","17.0%","±5.4","(X)","(X)","33.3%","±4.5","(X)","(X)","17.4%","±3.3","(X)","(X)","27.1%","±5.1","(X)","(X)","14.7%","±2.3","(X)","(X)","27.7%","±3.8","(X)","(X)","54.8%","±7.3","(X)","(X)","19.5%","±3.6","(X)","(X)","53.1%","±10.5","(X)","(X)","25.0%","±4.1","(X)","(X)","24.6%","±3.5","(X)","(X)","33.4%","±6.0","(X)","(X)","29.1%","±5.5","(X)","(X)","17.7%","±6.8","(X)","(X)","22.8%","±10.2","(X)","(X)","19.5%","±7.6","(X)","(X)","39.0%","±8.3"
"                Related children of the householder under 5 years","(X)","(X)","27.5%","±1.1","(X)","(X)","38.5%","±8.7","(X)","(X)","38.4%","±10.4","(X)","(X)","16.1%","±5.1","(X)","(X)","23.8%","±12.3","(X)","(X)","43.7%","±9.8","(X)","(X)","21.4%","±5.3","(X)","(X)","71.2%","±11.3","(X)","(X)","28.0%","±4.8","(X)","(X)","36.9%","±3.9","(X)","(X)","24.9%","±4.7","(X)","(X)","33.7%","±17.4","(X)","(X)","0.0%","±11.1","(X)","(X)","41.8%","±14.2","(X)","(X)","63.4%","±11.7","(X)","(X)","51.0%","±7.5","(X)","(X)","21.4%","±11.5","(X)","(X)","27.2%","±3.9","(X)","(X)","60.3%","±37.1","(X)","(X)","24.1%","±15.8","(X)","(X)","26.5%","±10.3","(X)","(X)","30.6%","±14.4","(X)","(X)","28.9%","±10.2","(X)","(X)","38.5%","±9.2","(X)","(X)","28.6%","±10.2","(X)","(X)","37.4%","±13.1","(X)","(X)","22.5%","±3.4","(X)","(X)","13.5%","±7.3","(X)","(X)","24.9%","±4.5","(X)","(X)","23.0%","±5.9","(X)","(X)","10.9%","±7.0","(X)","(X)","46.9%","±9.2","(X)","(X)","19.7%","±6.1","(X)","(X)","62.9%","±19.6","(X)","(X)","43.3%","±16.1","(X)","(X)","39.6%","±6.7","(X)","(X)","32.7%","±4.2","(X)","(X)","31.4%","±5.9","(X)","(X)","22.0%","±13.3","(X)","(X)","14.3%","±8.9","(X)","(X)","31.8%","±4.7","(X)","(X)","35.8%","±23.0","(X)","(X)","29.0%","±9.0","(X)","(X)","28.9%","±7.4","(X)","(X)","29.1%","±10.3","(X)","(X)","22.7%","±11.6","(X)","(X)","56.3%","±24.0","(X)","(X)","10.5%","±11.4","(X)","(X)","19.3%","±10.7","(X)","(X)","34.7%","±8.3","(X)","(X)","18.0%","±5.3","(X)","(X)","24.9%","±7.4","(X)","(X)","14.1%","±3.3","(X)","(X)","33.1%","±5.9","(X)","(X)","50.0%","±15.9","(X)","(X)","17.6%","±6.1","(X)","(X)","59.4%","±14.9","(X)","(X)","30.3%","±7.2","(X)","(X)","24.8%","±4.5","(X)","(X)","37.2%","±12.2","(X)","(X)","42.0%","±9.2","(X)","(X)","5.5%","±5.5","(X)","(X)","22.4%","±14.5","(X)","(X)","31.3%","±15.1","(X)","(X)","36.1%","±16.5"
"                Related children of the householder 5 to 17 years","(X)","(X)","24.3%","±0.8","(X)","(X)","29.2%","±5.6","(X)","(X)","28.3%","±5.9","(X)","(X)","11.3%","±2.9","(X)","(X)","12.2%","±6.3","(X)","(X)","36.2%","±5.6","(X)","(X)","15.8%","±4.0","(X)","(X)","44.4%","±7.5","(X)","(X)","21.6%","±3.1","(X)","(X)","26.0%","±2.9","(X)","(X)","23.9%","±3.4","(X)","(X)","39.7%","±12.3","(X)","(X)","2.1%","±3.1","(X)","(X)","32.3%","±11.7","(X)","(X)","48.7%","±10.9","(X)","(X)","40.4%","±7.4","(X)","(X)","30.5%","±6.9","(X)","(X)","23.5%","±2.6","(X)","(X)","52.4%","±13.2","(X)","(X)","8.3%","±5.5","(X)","(X)","33.8%","±6.6","(X)","(X)","41.4%","±8.8","(X)","(X)","16.3%","±5.4","(X)","(X)","32.8%","±6.4","(X)","(X)","29.3%","±10.6","(X)","(X)","39.2%","±8.2","(X)","(X)","23.7%","±2.4","(X)","(X)","14.8%","±4.0","(X)","(X)","22.4%","±3.6","(X)","(X)","20.5%","±3.8","(X)","(X)","23.4%","±8.5","(X)","(X)","29.7%","±5.8","(X)","(X)","14.2%","±2.6","(X)","(X)","46.4%","±11.7","(X)","(X)","50.7%","±9.1","(X)","(X)","23.9%","±3.7","(X)","(X)","32.2%","±2.5","(X)","(X)","31.0%","±3.1","(X)","(X)","16.1%","±7.2","(X)","(X)","24.4%","±12.1","(X)","(X)","25.4%","±3.4","(X)","(X)","41.0%","±10.4","(X)","(X)","33.3%","±7.7","(X)","(X)","28.9%","±5.5","(X)","(X)","30.1%","±5.7","(X)","(X)","13.3%","±4.8","(X)","(X)","39.4%","±13.8","(X)","(X)","13.8%","±6.4","(X)","(X)","16.2%","±5.2","(X)","(X)","32.8%","±4.6","(X)","(X)","17.2%","±3.9","(X)","(X)","27.9%","±5.6","(X)","(X)","14.8%","±2.5","(X)","(X)","25.6%","±4.3","(X)","(X)","56.2%","±7.7","(X)","(X)","20.1%","±4.2","(X)","(X)","50.8%","±11.9","(X)","(X)","23.3%","±5.1","(X)","(X)","24.4%","±4.1","(X)","(X)","32.0%","±5.4","(X)","(X)","24.7%","±5.6","(X)","(X)","21.8%","±8.3","(X)","(X)","22.9%","±11.5","(X)","(X)","15.0%","±6.9","(X)","(X)","40.0%","±10.4"
"        18 years and over","(X)","(X)","16.9%","±0.2","(X)","(X)","22.6%","±2.0","(X)","(X)","20.2%","±3.6","(X)","(X)","9.4%","±1.3","(X)","(X)","15.4%","±2.8","(X)","(X)","24.2%","±3.1","(X)","(X)","13.3%","±2.0","(X)","(X)","22.3%","±2.8","(X)","(X)","13.4%","±1.3","(X)","(X)","20.3%","±1.3","(X)","(X)","15.1%","±1.2","(X)","(X)","27.2%","±5.5","(X)","(X)","9.3%","±3.1","(X)","(X)","21.0%","±4.3","(X)","(X)","26.2%","±4.4","(X)","(X)","28.1%","±3.9","(X)","(X)","19.4%","±2.8","(X)","(X)","18.0%","±1.0","(X)","(X)","29.2%","±6.6","(X)","(X)","17.2%","±3.6","(X)","(X)","21.4%","±2.3","(X)","(X)","18.9%","±3.1","(X)","(X)","16.0%","±2.6","(X)","(X)","18.9%","±1.7","(X)","(X)","17.3%","±2.8","(X)","(X)","17.6%","±3.0","(X)","(X)","14.6%","±0.8","(X)","(X)","14.6%","±2.6","(X)","(X)","15.2%","±1.1","(X)","(X)","15.6%","±1.4","(X)","(X)","14.9%","±3.2","(X)","(X)","30.2%","±2.5","(X)","(X)","11.9%","±1.1","(X)","(X)","27.9%","±4.5","(X)","(X)","23.2%","±3.5","(X)","(X)","24.4%","±2.1","(X)","(X)","20.1%","±0.8","(X)","(X)","20.5%","±1.3","(X)","(X)","11.3%","±2.4","(X)","(X)","14.8%","±3.2","(X)","(X)","17.4%","±1.3","(X)","(X)","21.6%","±4.6","(X)","(X)","21.5%","±3.0","(X)","(X)","21.6%","±2.1","(X)","(X)","20.5%","±2.2","(X)","(X)","10.5%","±1.9","(X)","(X)","29.4%","±6.4","(X)","(X)","10.6%","±2.5","(X)","(X)","13.6%","±2.7","(X)","(X)","24.4%","±1.9","(X)","(X)","14.5%","±1.8","(X)","(X)","18.7%","±2.2","(X)","(X)","10.3%","±1.0","(X)","(X)","16.2%","±1.7","(X)","(X)","28.4%","±4.9","(X)","(X)","14.8%","±1.3","(X)","(X)","22.8%","±3.8","(X)","(X)","18.5%","±2.2","(X)","(X)","17.0%","±1.6","(X)","(X)","21.3%","±2.2","(X)","(X)","21.3%","±2.1","(X)","(X)","11.3%","±2.4","(X)","(X)","14.3%","±3.2","(X)","(X)","9.7%","±3.2","(X)","(X)","19.9%","±4.1"
"            18 to 64 years","(X)","(X)","17.6%","±0.3","(X)","(X)","23.5%","±2.3","(X)","(X)","21.3%","±4.2","(X)","(X)","9.4%","±1.5","(X)","(X)","16.8%","±3.5","(X)","(X)","25.0%","±3.9","(X)","(X)","13.9%","±2.4","(X)","(X)","23.9%","±3.5","(X)","(X)","14.3%","±1.6","(X)","(X)","21.7%","±1.5","(X)","(X)","15.6%","±1.4","(X)","(X)","30.9%","±6.6","(X)","(X)","9.6%","±4.0","(X)","(X)","22.7%","±5.3","(X)","(X)","27.3%","±5.3","(X)","(X)","31.5%","±5.2","(X)","(X)","19.4%","±3.3","(X)","(X)","19.7%","±1.2","(X)","(X)","31.1%","±8.0","(X)","(X)","18.1%","±4.4","(X)","(X)","22.4%","±2.6","(X)","(X)","19.1%","±3.6","(X)","(X)","13.7%","±2.7","(X)","(X)","20.4%","±2.1","(X)","(X)","17.1%","±2.9","(X)","(X)","21.3%","±3.8","(X)","(X)","15.4%","±0.9","(X)","(X)","15.3%","±3.1","(X)","(X)","15.3%","±1.3","(X)","(X)","16.2%","±1.6","(X)","(X)","15.8%","±3.8","(X)","(X)","34.3%","±3.0","(X)","(X)","11.9%","±1.3","(X)","(X)","30.2%","±6.0","(X)","(X)","23.4%","±4.5","(X)","(X)","27.5%","±2.5","(X)","(X)","20.0%","±0.9","(X)","(X)","21.7%","±1.5","(X)","(X)","11.0%","±2.7","(X)","(X)","13.2%","±3.4","(X)","(X)","18.2%","±1.5","(X)","(X)","21.9%","±5.2","(X)","(X)","22.1%","±3.7","(X)","(X)","23.3%","±3.0","(X)","(X)","20.8%","±2.4","(X)","(X)","10.6%","±2.2","(X)","(X)","31.4%","±7.6","(X)","(X)","10.4%","±3.0","(X)","(X)","14.6%","±3.1","(X)","(X)","24.1%","±2.3","(X)","(X)","14.1%","±2.0","(X)","(X)","19.3%","±2.8","(X)","(X)","10.5%","±1.2","(X)","(X)","16.7%","±1.9","(X)","(X)","33.0%","±6.9","(X)","(X)","14.6%","±1.5","(X)","(X)","23.5%","±4.5","(X)","(X)","19.6%","±2.7","(X)","(X)","16.7%","±1.8","(X)","(X)","22.4%","±2.6","(X)","(X)","23.4%","±2.5","(X)","(X)","10.9%","±3.0","(X)","(X)","13.0%","±3.6","(X)","(X)","10.2%","±3.9","(X)","(X)","19.0%","±4.4"
"            65 years and over","(X)","(X)","14.6%","±0.4","(X)","(X)","19.3%","±3.0","(X)","(X)","16.2%","±6.8","(X)","(X)","9.5%","±1.8","(X)","(X)","11.3%","±4.0","(X)","(X)","21.8%","±4.4","(X)","(X)","11.4%","±2.8","(X)","(X)","18.2%","±3.9","(X)","(X)","9.9%","±2.0","(X)","(X)","15.9%","±1.8","(X)","(X)","13.3%","±1.9","(X)","(X)","15.6%","±6.3","(X)","(X)","8.6%","±6.3","(X)","(X)","16.2%","±6.9","(X)","(X)","23.6%","±5.6","(X)","(X)","18.4%","±4.3","(X)","(X)","19.2%","±5.3","(X)","(X)","11.4%","±1.3","(X)","(X)","23.9%","±6.7","(X)","(X)","14.7%","±5.1","(X)","(X)","17.6%","±4.0","(X)","(X)","18.6%","±4.4","(X)","(X)","23.5%","±5.5","(X)","(X)","13.8%","±1.9","(X)","(X)","18.1%","±5.7","(X)","(X)","7.5%","±2.7","(X)","(X)","12.1%","±1.0","(X)","(X)","12.0%","±3.5","(X)","(X)","14.7%","±1.6","(X)","(X)","13.2%","±2.1","(X)","(X)","12.0%","±5.7","(X)","(X)","13.2%","±3.4","(X)","(X)","11.6%","±2.4","(X)","(X)","21.4%","±5.8","(X)","(X)","22.8%","±4.7","(X)","(X)","14.5%","±2.2","(X)","(X)","20.6%","±1.3","(X)","(X)","16.1%","±2.3","(X)","(X)","12.5%","±4.5","(X)","(X)","19.0%","±5.4","(X)","(X)","14.4%","±2.0","(X)","(X)","20.8%","±10.0","(X)","(X)","19.7%","±4.5","(X)","(X)","17.2%","±3.1","(X)","(X)","18.8%","±3.6","(X)","(X)","10.5%","±2.9","(X)","(X)","24.0%","±7.0","(X)","(X)","11.1%","±4.1","(X)","(X)","9.8%","±3.3","(X)","(X)","25.3%","±3.1","(X)","(X)","15.7%","±3.1","(X)","(X)","16.9%","±2.7","(X)","(X)","9.8%","±1.2","(X)","(X)","14.3%","±2.5","(X)","(X)","21.3%","±6.9","(X)","(X)","15.5%","±2.5","(X)","(X)","20.9%","±5.5","(X)","(X)","14.4%","±2.9","(X)","(X)","18.2%","±3.3","(X)","(X)","18.3%","±3.2","(X)","(X)","15.6%","±3.1","(X)","(X)","12.7%","±4.5","(X)","(X)","17.5%","±6.2","(X)","(X)","7.7%","±4.1","(X)","(X)","22.4%","±8.1"
"        People in families","(X)","(X)","15.6%","±0.4","(X)","(X)","21.4%","±2.5","(X)","(X)","20.8%","±4.0","(X)","(X)","8.0%","±1.5","(X)","(X)","9.3%","±2.6","(X)","(X)","24.8%","±3.4","(X)","(X)","12.5%","±2.5","(X)","(X)","27.1%","±3.7","(X)","(X)","13.3%","±1.5","(X)","(X)","19.4%","±1.6","(X)","(X)","14.8%","±1.7","(X)","(X)","28.9%","±6.4","(X)","(X)","3.9%","±2.7","(X)","(X)","22.3%","±5.5","(X)","(X)","26.4%","±5.6","(X)","(X)","30.0%","±4.7","(X)","(X)","17.4%","±3.4","(X)","(X)","15.4%","±1.4","(X)","(X)","31.0%","±7.4","(X)","(X)","11.5%","±3.6","(X)","(X)","20.4%","±3.3","(X)","(X)","22.1%","±4.7","(X)","(X)","13.0%","±2.9","(X)","(X)","19.4%","±2.7","(X)","(X)","16.2%","±3.9","(X)","(X)","20.9%","±3.6","(X)","(X)","13.9%","±1.2","(X)","(X)","11.7%","±2.8","(X)","(X)","14.1%","±1.6","(X)","(X)","13.4%","±1.6","(X)","(X)","11.0%","±3.4","(X)","(X)","23.0%","±3.5","(X)","(X)","10.5%","±1.5","(X)","(X)","30.8%","±6.2","(X)","(X)","27.5%","±4.8","(X)","(X)","18.5%","±2.3","(X)","(X)","18.8%","±1.2","(X)","(X)","19.6%","±1.7","(X)","(X)","10.1%","±3.5","(X)","(X)","12.4%","±3.9","(X)","(X)","16.5%","±1.6","(X)","(X)","21.8%","±5.4","(X)","(X)","20.9%","±3.6","(X)","(X)","18.8%","±2.7","(X)","(X)","19.7%","±2.8","(X)","(X)","8.8%","±2.6","(X)","(X)","28.0%","±7.5","(X)","(X)","8.1%","±3.2","(X)","(X)","10.9%","±2.8","(X)","(X)","23.2%","±2.7","(X)","(X)","11.2%","±2.1","(X)","(X)","18.0%","±2.9","(X)","(X)","9.4%","±1.2","(X)","(X)","15.8%","±2.0","(X)","(X)","34.0%","±5.8","(X)","(X)","12.3%","±1.8","(X)","(X)","28.2%","±5.4","(X)","(X)","16.7%","±2.5","(X)","(X)","16.7%","±2.3","(X)","(X)","20.5%","±3.1","(X)","(X)","18.7%","±2.5","(X)","(X)","12.4%","±3.9","(X)","(X)","12.0%","±4.6","(X)","(X)","9.7%","±3.9","(X)","(X)","21.0%","±4.5"
"        Unrelated individuals 15 years and over","(X)","(X)","32.0%","±0.5","(X)","(X)","39.8%","±4.2","(X)","(X)","34.4%","±7.2","(X)","(X)","25.3%","±3.0","(X)","(X)","42.4%","±7.1","(X)","(X)","39.1%","±5.0","(X)","(X)","24.0%","±3.9","(X)","(X)","36.5%","±6.0","(X)","(X)","26.6%","±2.8","(X)","(X)","32.9%","±2.3","(X)","(X)","28.9%","±2.7","(X)","(X)","33.2%","±9.6","(X)","(X)","37.5%","±15.0","(X)","(X)","35.7%","±9.4","(X)","(X)","50.2%","±7.6","(X)","(X)","40.5%","±7.0","(X)","(X)","43.8%","±5.8","(X)","(X)","33.1%","±1.7","(X)","(X)","52.0%","±13.9","(X)","(X)","35.5%","±6.8","(X)","(X)","41.4%","±5.1","(X)","(X)","34.3%","±6.2","(X)","(X)","35.6%","±6.4","(X)","(X)","38.1%","±4.5","(X)","(X)","34.5%","±6.2","(X)","(X)","28.8%","±5.7","(X)","(X)","26.0%","±1.5","(X)","(X)","29.0%","±5.7","(X)","(X)","28.7%","±2.0","(X)","(X)","34.2%","±3.5","(X)","(X)","40.2%","±8.6","(X)","(X)","52.4%","±4.5","(X)","(X)","25.2%","±2.9","(X)","(X)","49.5%","±8.9","(X)","(X)","36.8%","±6.6","(X)","(X)","46.0%","±3.5","(X)","(X)","31.4%","±1.0","(X)","(X)","37.9%","±2.3","(X)","(X)","32.3%","±7.4","(X)","(X)","32.4%","±7.0","(X)","(X)","33.3%","±2.7","(X)","(X)","44.7%","±11.6","(X)","(X)","43.5%","±7.4","(X)","(X)","44.7%","±4.4","(X)","(X)","36.7%","±4.6","(X)","(X)","29.0%","±5.0","(X)","(X)","48.1%","±10.7","(X)","(X)","29.5%","±6.8","(X)","(X)","32.0%","±5.9","(X)","(X)","41.2%","±3.2","(X)","(X)","35.4%","±4.2","(X)","(X)","33.6%","±4.4","(X)","(X)","22.0%","±1.8","(X)","(X)","32.9%","±3.3","(X)","(X)","36.2%","±9.3","(X)","(X)","32.9%","±3.7","(X)","(X)","34.8%","±6.8","(X)","(X)","36.9%","±4.1","(X)","(X)","30.1%","±3.6","(X)","(X)","38.7%","±5.2","(X)","(X)","43.0%","±4.4","(X)","(X)","15.1%","±4.4","(X)","(X)","36.8%","±8.3","(X)","(X)","25.5%","±9.8","(X)","(X)","38.1%","±9.0"